USE [master]
GO
/****** Object:  Database [Project_2]    Script Date: 20/04/2021 9:36:57 PM ******/
CREATE DATABASE [Project_2]
 CONTAINMENT = NONE
 ON  PRIMARY 
( NAME = N'Project_2', FILENAME = N'C:\Program Files\Microsoft SQL Server\MSSQL12.MSSQLSERVER\MSSQL\DATA\Project_2.mdf' , SIZE = 3264KB , MAXSIZE = UNLIMITED, FILEGROWTH = 1024KB )
 LOG ON 
( NAME = N'Project_2_log', FILENAME = N'C:\Program Files\Microsoft SQL Server\MSSQL12.MSSQLSERVER\MSSQL\DATA\Project_2_log.ldf' , SIZE = 816KB , MAXSIZE = 2048GB , FILEGROWTH = 10%)
GO
ALTER DATABASE [Project_2] SET COMPATIBILITY_LEVEL = 120
GO
IF (1 = FULLTEXTSERVICEPROPERTY('IsFullTextInstalled'))
begin
EXEC [Project_2].[dbo].[sp_fulltext_database] @action = 'enable'
end
GO
ALTER DATABASE [Project_2] SET ANSI_NULL_DEFAULT OFF 
GO
ALTER DATABASE [Project_2] SET ANSI_NULLS OFF 
GO
ALTER DATABASE [Project_2] SET ANSI_PADDING OFF 
GO
ALTER DATABASE [Project_2] SET ANSI_WARNINGS OFF 
GO
ALTER DATABASE [Project_2] SET ARITHABORT OFF 
GO
ALTER DATABASE [Project_2] SET AUTO_CLOSE OFF 
GO
ALTER DATABASE [Project_2] SET AUTO_SHRINK OFF 
GO
ALTER DATABASE [Project_2] SET AUTO_UPDATE_STATISTICS ON 
GO
ALTER DATABASE [Project_2] SET CURSOR_CLOSE_ON_COMMIT OFF 
GO
ALTER DATABASE [Project_2] SET CURSOR_DEFAULT  GLOBAL 
GO
ALTER DATABASE [Project_2] SET CONCAT_NULL_YIELDS_NULL OFF 
GO
ALTER DATABASE [Project_2] SET NUMERIC_ROUNDABORT OFF 
GO
ALTER DATABASE [Project_2] SET QUOTED_IDENTIFIER OFF 
GO
ALTER DATABASE [Project_2] SET RECURSIVE_TRIGGERS OFF 
GO
ALTER DATABASE [Project_2] SET  ENABLE_BROKER 
GO
ALTER DATABASE [Project_2] SET AUTO_UPDATE_STATISTICS_ASYNC OFF 
GO
ALTER DATABASE [Project_2] SET DATE_CORRELATION_OPTIMIZATION OFF 
GO
ALTER DATABASE [Project_2] SET TRUSTWORTHY OFF 
GO
ALTER DATABASE [Project_2] SET ALLOW_SNAPSHOT_ISOLATION OFF 
GO
ALTER DATABASE [Project_2] SET PARAMETERIZATION SIMPLE 
GO
ALTER DATABASE [Project_2] SET READ_COMMITTED_SNAPSHOT OFF 
GO
ALTER DATABASE [Project_2] SET HONOR_BROKER_PRIORITY OFF 
GO
ALTER DATABASE [Project_2] SET RECOVERY FULL 
GO
ALTER DATABASE [Project_2] SET  MULTI_USER 
GO
ALTER DATABASE [Project_2] SET PAGE_VERIFY CHECKSUM  
GO
ALTER DATABASE [Project_2] SET DB_CHAINING OFF 
GO
ALTER DATABASE [Project_2] SET FILESTREAM( NON_TRANSACTED_ACCESS = OFF ) 
GO
ALTER DATABASE [Project_2] SET TARGET_RECOVERY_TIME = 0 SECONDS 
GO
ALTER DATABASE [Project_2] SET DELAYED_DURABILITY = DISABLED 
GO
EXEC sys.sp_db_vardecimal_storage_format N'Project_2', N'ON'
GO
USE [Project_2]
GO
/****** Object:  Table [dbo].[banner]    Script Date: 20/04/2021 9:36:57 PM ******/
SET ANSI_NULLS ON
GO
SET QUOTED_IDENTIFIER ON
GO
CREATE TABLE [dbo].[banner](
	[banner_id] [int] IDENTITY(1,1) NOT NULL,
	[title] [nvarchar](255) NULL,
	[description] [nvarchar](255) NOT NULL,
	[image] [nvarchar](50) NOT NULL,
 CONSTRAINT [PK_banner] PRIMARY KEY CLUSTERED 
(
	[banner_id] ASC
)WITH (PAD_INDEX = OFF, STATISTICS_NORECOMPUTE = OFF, IGNORE_DUP_KEY = OFF, ALLOW_ROW_LOCKS = ON, ALLOW_PAGE_LOCKS = ON) ON [PRIMARY]
) ON [PRIMARY]

GO
/****** Object:  Table [dbo].[bill]    Script Date: 20/04/2021 9:36:57 PM ******/
SET ANSI_NULLS ON
GO
SET QUOTED_IDENTIFIER ON
GO
CREATE TABLE [dbo].[bill](
	[bill_id] [int] IDENTITY(1,1) NOT NULL,
	[status] [int] NOT NULL,
	[create_at] [datetime] NOT NULL,
	[description] [nvarchar](250) NULL,
	[user_id] [int] NOT NULL,
 CONSTRAINT [PK_bill] PRIMARY KEY CLUSTERED 
(
	[bill_id] ASC
)WITH (PAD_INDEX = OFF, STATISTICS_NORECOMPUTE = OFF, IGNORE_DUP_KEY = OFF, ALLOW_ROW_LOCKS = ON, ALLOW_PAGE_LOCKS = ON) ON [PRIMARY]
) ON [PRIMARY]

GO
/****** Object:  Table [dbo].[category]    Script Date: 20/04/2021 9:36:57 PM ******/
SET ANSI_NULLS ON
GO
SET QUOTED_IDENTIFIER ON
GO
CREATE TABLE [dbo].[category](
	[category_id] [int] IDENTITY(1,1) NOT NULL,
	[name] [nvarchar](100) NOT NULL,
	[icon] [nvarchar](100) NULL,
	[status] [int] NULL,
 CONSTRAINT [PK_category] PRIMARY KEY CLUSTERED 
(
	[category_id] ASC
)WITH (PAD_INDEX = OFF, STATISTICS_NORECOMPUTE = OFF, IGNORE_DUP_KEY = OFF, ALLOW_ROW_LOCKS = ON, ALLOW_PAGE_LOCKS = ON) ON [PRIMARY]
) ON [PRIMARY]

GO
/****** Object:  Table [dbo].[detailed_bill]    Script Date: 20/04/2021 9:36:57 PM ******/
SET ANSI_NULLS ON
GO
SET QUOTED_IDENTIFIER ON
GO
CREATE TABLE [dbo].[detailed_bill](
	[detailed_bill_id] [int] IDENTITY(1,1) NOT NULL,
	[quanlity] [int] NOT NULL CONSTRAINT [DF_detailed_bill_quanlity]  DEFAULT ((0)),
	[price] [int] NOT NULL,
	[description] [nvarchar](250) NULL,
	[bill_id] [int] NOT NULL,
	[product_id] [int] NOT NULL,
 CONSTRAINT [PK_detailed_bill] PRIMARY KEY CLUSTERED 
(
	[detailed_bill_id] ASC
)WITH (PAD_INDEX = OFF, STATISTICS_NORECOMPUTE = OFF, IGNORE_DUP_KEY = OFF, ALLOW_ROW_LOCKS = ON, ALLOW_PAGE_LOCKS = ON) ON [PRIMARY]
) ON [PRIMARY]

GO
/****** Object:  Table [dbo].[image]    Script Date: 20/04/2021 9:36:57 PM ******/
SET ANSI_NULLS ON
GO
SET QUOTED_IDENTIFIER ON
GO
CREATE TABLE [dbo].[image](
	[image_id] [int] IDENTITY(1,1) NOT NULL,
	[name] [nvarchar](100) NOT NULL,
	[product_id] [int] NOT NULL,
	[status] [int] NULL,
 CONSTRAINT [PK_image] PRIMARY KEY CLUSTERED 
(
	[image_id] ASC
)WITH (PAD_INDEX = OFF, STATISTICS_NORECOMPUTE = OFF, IGNORE_DUP_KEY = OFF, ALLOW_ROW_LOCKS = ON, ALLOW_PAGE_LOCKS = ON) ON [PRIMARY]
) ON [PRIMARY]

GO
/****** Object:  Table [dbo].[product]    Script Date: 20/04/2021 9:36:57 PM ******/
SET ANSI_NULLS ON
GO
SET QUOTED_IDENTIFIER ON
GO
CREATE TABLE [dbo].[product](
	[product_id] [int] IDENTITY(1,1) NOT NULL,
	[name] [nvarchar](250) NOT NULL,
	[price] [float] NOT NULL,
	[ingredient] [nvarchar](250) NULL,
	[priority] [int] NOT NULL,
	[date_start] [datetime] NOT NULL,
	[date_end] [datetime] NOT NULL,
	[created_at] [datetime] NOT NULL,
	[updated_at] [datetime] NOT NULL,
	[category_id] [int] NOT NULL,
	[supplier_id] [int] NOT NULL,
	[user_id] [int] NOT NULL,
	[percent_item] [int] NULL,
	[quantity] [int] NULL,
	[status] [int] NULL,
 CONSTRAINT [PK_product] PRIMARY KEY CLUSTERED 
(
	[product_id] ASC
)WITH (PAD_INDEX = OFF, STATISTICS_NORECOMPUTE = OFF, IGNORE_DUP_KEY = OFF, ALLOW_ROW_LOCKS = ON, ALLOW_PAGE_LOCKS = ON) ON [PRIMARY]
) ON [PRIMARY]

GO
/****** Object:  Table [dbo].[supplier]    Script Date: 20/04/2021 9:36:57 PM ******/
SET ANSI_NULLS ON
GO
SET QUOTED_IDENTIFIER ON
GO
CREATE TABLE [dbo].[supplier](
	[supplier_id] [int] IDENTITY(1,1) NOT NULL,
	[name] [nvarchar](50) NOT NULL,
	[status] [int] NULL,
 CONSTRAINT [PK_supplier] PRIMARY KEY CLUSTERED 
(
	[supplier_id] ASC
)WITH (PAD_INDEX = OFF, STATISTICS_NORECOMPUTE = OFF, IGNORE_DUP_KEY = OFF, ALLOW_ROW_LOCKS = ON, ALLOW_PAGE_LOCKS = ON) ON [PRIMARY]
) ON [PRIMARY]

GO
/****** Object:  Table [dbo].[user]    Script Date: 20/04/2021 9:36:57 PM ******/
SET ANSI_NULLS ON
GO
SET QUOTED_IDENTIFIER ON
GO
SET ANSI_PADDING ON
GO
CREATE TABLE [dbo].[user](
	[user_id] [int] IDENTITY(1,1) NOT NULL,
	[username] [nvarchar](50) NOT NULL,
	[password] [varchar](50) NOT NULL,
	[status] [int] NOT NULL,
	[description] [nvarchar](250) NULL,
	[role] [int] NOT NULL,
	[fullname] [nvarchar](100) NOT NULL,
	[address] [nvarchar](50) NULL,
	[email] [varchar](50) NULL,
	[phone_number] [int] NULL,
 CONSTRAINT [PK_user] PRIMARY KEY CLUSTERED 
(
	[user_id] ASC
)WITH (PAD_INDEX = OFF, STATISTICS_NORECOMPUTE = OFF, IGNORE_DUP_KEY = OFF, ALLOW_ROW_LOCKS = ON, ALLOW_PAGE_LOCKS = ON) ON [PRIMARY]
) ON [PRIMARY]

GO
SET ANSI_PADDING OFF
GO
/****** Object:  UserDefinedFunction [dbo].[f_report_category_by_year]    Script Date: 20/04/2021 9:36:57 PM ******/
SET ANSI_NULLS ON
GO
SET QUOTED_IDENTIFIER ON
GO
CREATE FUNCTION [dbo].[f_report_category_by_year] 
(
    @year INT
)
RETURNS TABLE
AS
RETURN
    SELECT a.name, sum(a.quanlity) as 'quantity', sum(a.doanhthu) as 'doanh thu', min(a.price) as 'min', max(a.price) as 'max', avg(a.price) as 'avg'
 FROM 
		(	SELECT c.name, db.quanlity, db.price,db.quanlity * db.price as 'doanhthu'
			FROM category c, product p, bill b, detailed_bill db 
			WHERE c.category_id = p.category_id AND p.product_id = db.product_id and b.bill_id = db.bill_id
			AND YEAR(p.created_at) = @year AND b.status = 1
			GROUP by c.name, db.quanlity, db.price, db.quanlity * db.price	) a
GROUP BY a.name


GO
/****** Object:  UserDefinedFunction [dbo].[f_report_supplier_by_year]    Script Date: 20/04/2021 9:36:57 PM ******/
SET ANSI_NULLS ON
GO
SET QUOTED_IDENTIFIER ON
GO
CREATE FUNCTION [dbo].[f_report_supplier_by_year] 
(
    @year INT
)
RETURNS TABLE
AS
RETURN
    SELECT a.name, sum(a.quanlity) as 'quantity', sum(a.doanhthu) as 'doanh thu', min(a.price) as 'min', max(a.price) as 'max', avg(a.price) as 'avg'
 FROM 
		(	SELECT s.name, db.quanlity, db.price,db.quanlity * db.price as 'doanhthu'
			FROM supplier s, product p, bill b, detailed_bill db 
			WHERE s.supplier_id = p.supplier_id AND p.product_id = db.product_id and b.bill_id = db.bill_id
			AND YEAR(p.created_at) = @year AND b.status = 1
			GROUP by s.name, db.quanlity, db.price, db.quanlity * db.price	) a
GROUP BY a.name

GO
SET IDENTITY_INSERT [dbo].[banner] ON 

INSERT [dbo].[banner] ([banner_id], [title], [description], [image]) VALUES (1, N'Stay healthy life with vegans food', N'Lorem ipsum dolor sit amet consectetur adipisicing elit. Esse suscipit illum nesciunt,
                                pariatur explicabo nemo!', N'banner01.jpg')
INSERT [dbo].[banner] ([banner_id], [title], [description], [image]) VALUES (2, N'Healthy food comes form healthy ingredients.', N'Lorem ipsum dolor sit amet consectetur adipisicing elit. Esse suscipit illum nesciunt,
                                pariatur explicabo nemo!', N'banner02.jpg')
INSERT [dbo].[banner] ([banner_id], [title], [description], [image]) VALUES (3, N'Make your food organic and vegan.', N'Lorem ipsum dolor sit amet consectetur adipisicing elit. Esse suscipit illum nesciunt,
                                pariatur explicabo nemo!', N'banner03.jpg')
SET IDENTITY_INSERT [dbo].[banner] OFF
SET IDENTITY_INSERT [dbo].[bill] ON 

INSERT [dbo].[bill] ([bill_id], [status], [create_at], [description], [user_id]) VALUES (1, 1, CAST(N'2021-01-03 00:00:00.000' AS DateTime), N'Giao dịch thành công', 1)
INSERT [dbo].[bill] ([bill_id], [status], [create_at], [description], [user_id]) VALUES (2, 0, CAST(N'2021-01-05 00:00:00.000' AS DateTime), N'Đang chờ', 1)
INSERT [dbo].[bill] ([bill_id], [status], [create_at], [description], [user_id]) VALUES (3, 1, CAST(N'2021-01-06 00:00:00.000' AS DateTime), N'Giao dịch thành công', 2)
INSERT [dbo].[bill] ([bill_id], [status], [create_at], [description], [user_id]) VALUES (4, 0, CAST(N'2021-01-08 00:00:00.000' AS DateTime), N'Đang chờ', 2)
INSERT [dbo].[bill] ([bill_id], [status], [create_at], [description], [user_id]) VALUES (5, 1, CAST(N'2021-01-09 00:00:00.000' AS DateTime), N'Giao dịch thành công', 3)
INSERT [dbo].[bill] ([bill_id], [status], [create_at], [description], [user_id]) VALUES (6, 0, CAST(N'2021-01-12 00:00:00.000' AS DateTime), N'Đang chờ', 3)
INSERT [dbo].[bill] ([bill_id], [status], [create_at], [description], [user_id]) VALUES (7, 1, CAST(N'2021-02-01 00:00:00.000' AS DateTime), N'Giao dịch thành công', 4)
INSERT [dbo].[bill] ([bill_id], [status], [create_at], [description], [user_id]) VALUES (8, 0, CAST(N'2021-02-03 00:00:00.000' AS DateTime), N'Đang chờ', 4)
INSERT [dbo].[bill] ([bill_id], [status], [create_at], [description], [user_id]) VALUES (9, 1, CAST(N'2021-02-05 00:00:00.000' AS DateTime), N'Giao dịch thành công', 5)
INSERT [dbo].[bill] ([bill_id], [status], [create_at], [description], [user_id]) VALUES (10, 0, CAST(N'2021-02-08 00:00:00.000' AS DateTime), N'Đang chờ', 5)
INSERT [dbo].[bill] ([bill_id], [status], [create_at], [description], [user_id]) VALUES (11, 1, CAST(N'2021-03-01 00:00:00.000' AS DateTime), N'Giao dịch thành công', 1)
INSERT [dbo].[bill] ([bill_id], [status], [create_at], [description], [user_id]) VALUES (12, 0, CAST(N'2021-03-02 00:00:00.000' AS DateTime), N'Đang chờ', 2)
INSERT [dbo].[bill] ([bill_id], [status], [create_at], [description], [user_id]) VALUES (13, 1, CAST(N'2021-03-03 00:00:00.000' AS DateTime), N'Giao dịch thành công', 3)
INSERT [dbo].[bill] ([bill_id], [status], [create_at], [description], [user_id]) VALUES (14, 0, CAST(N'2021-03-05 00:00:00.000' AS DateTime), N'Đang chờ', 4)
INSERT [dbo].[bill] ([bill_id], [status], [create_at], [description], [user_id]) VALUES (15, 1, CAST(N'2021-03-06 00:00:00.000' AS DateTime), N'Giao dịch thành công', 5)
INSERT [dbo].[bill] ([bill_id], [status], [create_at], [description], [user_id]) VALUES (16, 2, CAST(N'2021-04-17 17:17:26.070' AS DateTime), N'Dang giao dich', 1)
SET IDENTITY_INSERT [dbo].[bill] OFF
SET IDENTITY_INSERT [dbo].[category] ON 

INSERT [dbo].[category] ([category_id], [name], [icon], [status]) VALUES (1, N'Snack', N'flaticon-bread', 1)
INSERT [dbo].[category] ([category_id], [name], [icon], [status]) VALUES (2, N'Seaweed', N'flaticon-seaweed', 1)
INSERT [dbo].[category] ([category_id], [name], [icon], [status]) VALUES (3, N'Cookies', N'far fa-cookie', 1)
INSERT [dbo].[category] ([category_id], [name], [icon], [status]) VALUES (4, N'Custard', N'fa fa-cookie-bite', 1)
INSERT [dbo].[category] ([category_id], [name], [icon], [status]) VALUES (5, N'Singum', N'fal fa-candy-corn', 1)
INSERT [dbo].[category] ([category_id], [name], [icon], [status]) VALUES (6, N'Candy', N'fal fa-candy-cane', 1)
INSERT [dbo].[category] ([category_id], [name], [icon], [status]) VALUES (7, N'Rice Cakes', N'fa fa-cookie-bite', 1)
INSERT [dbo].[category] ([category_id], [name], [icon], [status]) VALUES (8, N'Porous Cake', N'fa fa-cookie-bite', 1)
INSERT [dbo].[category] ([category_id], [name], [icon], [status]) VALUES (9, N'Custard Cake', N'flaticon-spread', 0)
INSERT [dbo].[category] ([category_id], [name], [icon], [status]) VALUES (10, N'Chocolate Cake', N'fa fa-cookie-bite', 0)
INSERT [dbo].[category] ([category_id], [name], [icon], [status]) VALUES (11, N'Chocolate Candy', N'fal fa-candy-cane', 1)
INSERT [dbo].[category] ([category_id], [name], [icon], [status]) VALUES (12, N'Bánh que', N'far fa-cookie', 0)
INSERT [dbo].[category] ([category_id], [name], [icon], [status]) VALUES (13, N'Bánh quế', N'far fa-cookie', 0)
INSERT [dbo].[category] ([category_id], [name], [icon], [status]) VALUES (14, N'Trái cây sấy', N'flaticon-vegetable', 0)
INSERT [dbo].[category] ([category_id], [name], [icon], [status]) VALUES (15, N'Các loại hạt', N'flaticon-nuts', 1)
INSERT [dbo].[category] ([category_id], [name], [icon], [status]) VALUES (16, N'Ăn vặt văn phòng', N'flaticon-groceries', 0)
SET IDENTITY_INSERT [dbo].[category] OFF
SET IDENTITY_INSERT [dbo].[detailed_bill] ON 

INSERT [dbo].[detailed_bill] ([detailed_bill_id], [quanlity], [price], [description], [bill_id], [product_id]) VALUES (1, 2, 15000, N'Dang giao dich', 1, 14)
INSERT [dbo].[detailed_bill] ([detailed_bill_id], [quanlity], [price], [description], [bill_id], [product_id]) VALUES (2, 5, 72000, N'Giao dich hoan tat', 2, 25)
INSERT [dbo].[detailed_bill] ([detailed_bill_id], [quanlity], [price], [description], [bill_id], [product_id]) VALUES (3, 3, 23500, N'Dang giao dich', 3, 13)
INSERT [dbo].[detailed_bill] ([detailed_bill_id], [quanlity], [price], [description], [bill_id], [product_id]) VALUES (4, 4, 29000, N'Giao dich hoan tat', 4, 6)
INSERT [dbo].[detailed_bill] ([detailed_bill_id], [quanlity], [price], [description], [bill_id], [product_id]) VALUES (5, 5, 107000, N'Dang giao dich', 5, 11)
INSERT [dbo].[detailed_bill] ([detailed_bill_id], [quanlity], [price], [description], [bill_id], [product_id]) VALUES (6, 1, 68000, N'Giao dich hoan tat', 6, 26)
INSERT [dbo].[detailed_bill] ([detailed_bill_id], [quanlity], [price], [description], [bill_id], [product_id]) VALUES (7, 2, 19000, N'Dang giao dich', 7, 24)
INSERT [dbo].[detailed_bill] ([detailed_bill_id], [quanlity], [price], [description], [bill_id], [product_id]) VALUES (8, 4, 3500, N'Giao dich hoan tat', 8, 1)
INSERT [dbo].[detailed_bill] ([detailed_bill_id], [quanlity], [price], [description], [bill_id], [product_id]) VALUES (9, 3, 26500, N'Dang giao dich', 9, 16)
INSERT [dbo].[detailed_bill] ([detailed_bill_id], [quanlity], [price], [description], [bill_id], [product_id]) VALUES (10, 4, 70000, N'Giao dich hoan tat', 10, 19)
INSERT [dbo].[detailed_bill] ([detailed_bill_id], [quanlity], [price], [description], [bill_id], [product_id]) VALUES (11, 3, 140000, N'Dang giao dich', 11, 30)
INSERT [dbo].[detailed_bill] ([detailed_bill_id], [quanlity], [price], [description], [bill_id], [product_id]) VALUES (12, 1, 19000, N'Giao dich hoan tat', 12, 4)
INSERT [dbo].[detailed_bill] ([detailed_bill_id], [quanlity], [price], [description], [bill_id], [product_id]) VALUES (13, 2, 29000, N'Dang giao dich', 13, 6)
INSERT [dbo].[detailed_bill] ([detailed_bill_id], [quanlity], [price], [description], [bill_id], [product_id]) VALUES (14, 5, 15000, N'Giao dich hoan tat', 14, 5)
INSERT [dbo].[detailed_bill] ([detailed_bill_id], [quanlity], [price], [description], [bill_id], [product_id]) VALUES (15, 3, 25000, N'Dang giao dich', 15, 10)
INSERT [dbo].[detailed_bill] ([detailed_bill_id], [quanlity], [price], [description], [bill_id], [product_id]) VALUES (16, 3, 107000, N'Dang giao dich', 16, 11)
SET IDENTITY_INSERT [dbo].[detailed_bill] OFF
SET IDENTITY_INSERT [dbo].[image] ON 

INSERT [dbo].[image] ([image_id], [name], [product_id], [status]) VALUES (1, N'snack-bap-greens-a-vi-thit-nuong.jpg', 1, 1)
INSERT [dbo].[image] ([image_id], [name], [product_id], [status]) VALUES (2, N'snack-khoai-tay-greens-a-vi-thit-nuong.jpg', 2, 1)
INSERT [dbo].[image] ([image_id], [name], [product_id], [status]) VALUES (3, N'rong-bien-gion-ofood-tron-gia-vi-goi-30g.jpg', 3, 1)
INSERT [dbo].[image] ([image_id], [name], [product_id], [status]) VALUES (4, N'banh-quy-bo-truyen-thong-andersens-danish.jpg', 4, 1)
INSERT [dbo].[image] ([image_id], [name], [product_id], [status]) VALUES (5, N'banh-quy-gion-vi-cay-nissin.jpg', 5, 1)
INSERT [dbo].[image] ([image_id], [name], [product_id], [status]) VALUES (6, N'banh-trung-tipo.jpg', 6, 1)
INSERT [dbo].[image] ([image_id], [name], [product_id], [status]) VALUES (7, N'banh-quy-bo-fiano.jpg', 7, 1)
INSERT [dbo].[image] ([image_id], [name], [product_id], [status]) VALUES (8, N'com-say-cha-bong-ca.jpg', 8, 1)
INSERT [dbo].[image] ([image_id], [name], [product_id], [status]) VALUES (9, N'keo-gum-khong-duong-lotte-xylitol.jpg', 9, 1)
INSERT [dbo].[image] ([image_id], [name], [product_id], [status]) VALUES (10, N'keo-sing-gum-khong-duong-wrigley-tempestu.jpg', 10, 1)
INSERT [dbo].[image] ([image_id], [name], [product_id], [status]) VALUES (11, N'keo-nhai-dynamite-chews-socola.jpg', 11, 1)
INSERT [dbo].[image] ([image_id], [name], [product_id], [status]) VALUES (12, N'keo-vi-mam-xoi-va-dao-cavendish-harvey.jpg', 12, 1)
INSERT [dbo].[image] ([image_id], [name], [product_id], [status]) VALUES (13, N'banh-gao-rong-bien-want-want.jpg', 13, 1)
INSERT [dbo].[image] ([image_id], [name], [product_id], [status]) VALUES (14, N'banh-gao-mat-ong-fiano.jpg', 14, 1)
INSERT [dbo].[image] ([image_id], [name], [product_id], [status]) VALUES (15, N'banh-xop-cuon-ca-cao-bahlsen-waffle-minis.jpg', 15, 1)
INSERT [dbo].[image] ([image_id], [name], [product_id], [status]) VALUES (16, N'banh-kem-xop-phomai-richeese-nabati.jpg', 16, 1)
INSERT [dbo].[image] ([image_id], [name], [product_id], [status]) VALUES (17, N'banh-bong-lan-custas-kem-pho-mai.jpg', 17, 1)
INSERT [dbo].[image] ([image_id], [name], [product_id], [status]) VALUES (18, N'banh-bong-lan-hura-deli.jpg', 18, 1)
INSERT [dbo].[image] ([image_id], [name], [product_id], [status]) VALUES (19, N'kitkat.jpg', 19, 1)
INSERT [dbo].[image] ([image_id], [name], [product_id], [status]) VALUES (20, N'banh-orion-nhan-kem.jpg', 20, 1)
INSERT [dbo].[image] ([image_id], [name], [product_id], [status]) VALUES (21, N'socola-ferrero-rocher.jpg', 21, 1)
INSERT [dbo].[image] ([image_id], [name], [product_id], [status]) VALUES (22, N'socola-meiji.jpg', 22, 1)
INSERT [dbo].[image] ([image_id], [name], [product_id], [status]) VALUES (23, N'banh-que-glico-pocky.jpg', 23, 1)
INSERT [dbo].[image] ([image_id], [name], [product_id], [status]) VALUES (24, N'banh-que-lucky-stick-meiji.jpg', 24, 1)
INSERT [dbo].[image] ([image_id], [name], [product_id], [status]) VALUES (25, N'banh-que-nhan-socola-chuoi-deka.jpg', 25, 1)
INSERT [dbo].[image] ([image_id], [name], [product_id], [status]) VALUES (26, N'banh-que-vi-socola-wasuka.jpg', 26, 1)
INSERT [dbo].[image] ([image_id], [name], [product_id], [status]) VALUES (27, N'mit-say-rop-rop-goi.jpg', 27, 1)
INSERT [dbo].[image] ([image_id], [name], [product_id], [status]) VALUES (28, N'nho-kho-nguyen-canh-sunraysia-crimson.jpg', 28, 1)
INSERT [dbo].[image] ([image_id], [name], [product_id], [status]) VALUES (29, N'dau-phong-da-ca-cot-dua.jpg', 29, 1)
INSERT [dbo].[image] ([image_id], [name], [product_id], [status]) VALUES (30, N'hat-dieu-rang-muoi-bazan.jpg', 30, 1)
INSERT [dbo].[image] ([image_id], [name], [product_id], [status]) VALUES (31, N'tn1-snack-bap-greens-a-vi-thit-nuong.jpg', 1, 0)
INSERT [dbo].[image] ([image_id], [name], [product_id], [status]) VALUES (32, N'tn2-snack-bap-greens-a-vi-thit-nuong.jpg', 1, 0)
INSERT [dbo].[image] ([image_id], [name], [product_id], [status]) VALUES (33, N'tn3-snack-bap-greens-a-vi-thit-nuong.jpg', 1, 0)
INSERT [dbo].[image] ([image_id], [name], [product_id], [status]) VALUES (34, N'tn4-snack-bap-greens-a-vi-thit-nuong.jpg', 1, 0)
INSERT [dbo].[image] ([image_id], [name], [product_id], [status]) VALUES (35, N'tn5-snack-bap-greens-a-vi-thit-nuong.jpg', 1, 0)
INSERT [dbo].[image] ([image_id], [name], [product_id], [status]) VALUES (36, N'tn1-snack-khoai-tay-greens-a-vi-thit-nuong.jpg', 2, 0)
INSERT [dbo].[image] ([image_id], [name], [product_id], [status]) VALUES (37, N'tn2-snack-khoai-tay-greens-a-vi-thit-nuong.jpg', 2, 0)
INSERT [dbo].[image] ([image_id], [name], [product_id], [status]) VALUES (38, N'tn3-snack-khoai-tay-greens-a-vi-thit-nuong.jpg', 2, 0)
INSERT [dbo].[image] ([image_id], [name], [product_id], [status]) VALUES (39, N'tn4-snack-khoai-tay-greens-a-vi-thit-nuong.jpg', 2, 0)
INSERT [dbo].[image] ([image_id], [name], [product_id], [status]) VALUES (40, N'tn5-snack-khoai-tay-greens-a-vi-thit-nuong.jpg', 2, 0)
INSERT [dbo].[image] ([image_id], [name], [product_id], [status]) VALUES (42, N'tn1-rong-bien-gion-ofood-tron-gia-vi-goi-30g.jpg', 3, 0)
INSERT [dbo].[image] ([image_id], [name], [product_id], [status]) VALUES (43, N'tn2-rong-bien-gion-ofood-tron-gia-vi-goi-30g.jpg', 3, 0)
INSERT [dbo].[image] ([image_id], [name], [product_id], [status]) VALUES (44, N'tn3-rong-bien-gion-ofood-tron-gia-vi-goi-30g.jpg', 3, 0)
INSERT [dbo].[image] ([image_id], [name], [product_id], [status]) VALUES (45, N'tn4-rong-bien-gion-ofood-tron-gia-vi-goi-30g.jpg', 3, 0)
INSERT [dbo].[image] ([image_id], [name], [product_id], [status]) VALUES (46, N'tn1-banh-quy-bo-truyen-thong-andersens-danish.jpg', 4, 0)
INSERT [dbo].[image] ([image_id], [name], [product_id], [status]) VALUES (47, N'tn2-banh-quy-bo-truyen-thong-andersens-danish.jpg', 4, 0)
INSERT [dbo].[image] ([image_id], [name], [product_id], [status]) VALUES (48, N'tn3-banh-quy-bo-truyen-thong-andersens-danish.jpg', 4, 0)
INSERT [dbo].[image] ([image_id], [name], [product_id], [status]) VALUES (50, N'tn4-banh-quy-bo-truyen-thong-andersens-danish.jpg', 4, 0)
INSERT [dbo].[image] ([image_id], [name], [product_id], [status]) VALUES (51, N'tn1-banh-quy-gion-vi-cay-nissin.jpg', 5, 0)
INSERT [dbo].[image] ([image_id], [name], [product_id], [status]) VALUES (52, N'tn2-banh-quy-gion-vi-cay-nissin.jpg', 5, 0)
INSERT [dbo].[image] ([image_id], [name], [product_id], [status]) VALUES (53, N'tn3-banh-quy-gion-vi-cay-nissin.jpg', 5, 0)
INSERT [dbo].[image] ([image_id], [name], [product_id], [status]) VALUES (54, N'tn4-banh-quy-gion-vi-cay-nissin.jpg', 5, 0)
INSERT [dbo].[image] ([image_id], [name], [product_id], [status]) VALUES (55, N'tn5-banh-quy-gion-vi-cay-nissin.jpg', 5, 0)
INSERT [dbo].[image] ([image_id], [name], [product_id], [status]) VALUES (56, N'tn1-banh-trung-tipo.jpg', 6, 0)
INSERT [dbo].[image] ([image_id], [name], [product_id], [status]) VALUES (57, N'tn2-banh-trung-tipo.jpg', 6, 0)
INSERT [dbo].[image] ([image_id], [name], [product_id], [status]) VALUES (58, N'tn3-banh-trung-tipo.jpg', 6, 0)
INSERT [dbo].[image] ([image_id], [name], [product_id], [status]) VALUES (59, N'tn1-banh-quy-bo-fiano.jpg', 7, 0)
INSERT [dbo].[image] ([image_id], [name], [product_id], [status]) VALUES (60, N'tn2-banh-quy-bo-fiano.jpg', 7, 0)
INSERT [dbo].[image] ([image_id], [name], [product_id], [status]) VALUES (61, N'tn3-banh-quy-bo-fiano.jpg', 7, 0)
INSERT [dbo].[image] ([image_id], [name], [product_id], [status]) VALUES (62, N'tn4-banh-quy-bo-fiano.jpg', 7, 0)
INSERT [dbo].[image] ([image_id], [name], [product_id], [status]) VALUES (63, N'tn5-banh-quy-bo-fiano.jpg', 7, 0)
INSERT [dbo].[image] ([image_id], [name], [product_id], [status]) VALUES (64, N'tn1-com-say-cha-bong-ca.jpg', 8, 0)
INSERT [dbo].[image] ([image_id], [name], [product_id], [status]) VALUES (65, N'tn2-com-say-cha-bong-ca.jpg', 8, 0)
INSERT [dbo].[image] ([image_id], [name], [product_id], [status]) VALUES (66, N'tn3-com-say-cha-bong-ca.jpg', 8, 0)
INSERT [dbo].[image] ([image_id], [name], [product_id], [status]) VALUES (67, N'tn4-com-say-cha-bong-ca.jpg', 8, 0)
INSERT [dbo].[image] ([image_id], [name], [product_id], [status]) VALUES (68, N'tn1-keo-gum-khong-duong-lotte-xylitol.jpg', 9, 0)
INSERT [dbo].[image] ([image_id], [name], [product_id], [status]) VALUES (69, N'tn2-keo-gum-khong-duong-lotte-xylitol.jpg', 9, 0)
INSERT [dbo].[image] ([image_id], [name], [product_id], [status]) VALUES (70, N'tn3-keo-gum-khong-duong-lotte-xylitol.jpg', 9, 0)
INSERT [dbo].[image] ([image_id], [name], [product_id], [status]) VALUES (71, N'tn1-keo-sing-gum-khong-duong-wrigley-tempestu.jpg', 10, 0)
INSERT [dbo].[image] ([image_id], [name], [product_id], [status]) VALUES (72, N'tn2-keo-sing-gum-khong-duong-wrigley-tempestu.jpg', 10, 0)
INSERT [dbo].[image] ([image_id], [name], [product_id], [status]) VALUES (73, N'tn3-keo-sing-gum-khong-duong-wrigley-tempestu.jpg', 10, 0)
INSERT [dbo].[image] ([image_id], [name], [product_id], [status]) VALUES (74, N'tn4-keo-sing-gum-khong-duong-wrigley-tempestu.jpg', 10, 0)
INSERT [dbo].[image] ([image_id], [name], [product_id], [status]) VALUES (75, N'tn1-keo-nhai-dynamite-chews-socola.jpg', 11, 0)
INSERT [dbo].[image] ([image_id], [name], [product_id], [status]) VALUES (76, N'tn2-keo-nhai-dynamite-chews-socola.jpg', 11, 0)
INSERT [dbo].[image] ([image_id], [name], [product_id], [status]) VALUES (77, N'tn3-keo-nhai-dynamite-chews-socola.jpg', 11, 0)
INSERT [dbo].[image] ([image_id], [name], [product_id], [status]) VALUES (78, N'tn1-keo-vi-mam-xoi-va-dao-cavendish-harvey.jpg', 12, 0)
INSERT [dbo].[image] ([image_id], [name], [product_id], [status]) VALUES (79, N'tn2-keo-vi-mam-xoi-va-dao-cavendish-harvey.jpg', 12, 0)
INSERT [dbo].[image] ([image_id], [name], [product_id], [status]) VALUES (80, N'tn3-keo-vi-mam-xoi-va-dao-cavendish-harvey.jpg', 12, 0)
INSERT [dbo].[image] ([image_id], [name], [product_id], [status]) VALUES (81, N'tn4-keo-vi-mam-xoi-va-dao-cavendish-harvey.jpg', 12, 0)
INSERT [dbo].[image] ([image_id], [name], [product_id], [status]) VALUES (82, N'tn1-banh-gao-rong-bien-want-want.jpg', 13, 0)
INSERT [dbo].[image] ([image_id], [name], [product_id], [status]) VALUES (83, N'tn2-banh-gao-rong-bien-want-want.jpg', 13, 0)
INSERT [dbo].[image] ([image_id], [name], [product_id], [status]) VALUES (84, N'tn3-banh-gao-rong-bien-want-want.jpg', 13, 0)
INSERT [dbo].[image] ([image_id], [name], [product_id], [status]) VALUES (85, N'tn4-banh-gao-rong-bien-want-want.jpg', 13, 0)
INSERT [dbo].[image] ([image_id], [name], [product_id], [status]) VALUES (86, N'tn1-banh-gao-mat-ong-fiano.jpg', 14, 0)
INSERT [dbo].[image] ([image_id], [name], [product_id], [status]) VALUES (87, N'tn2-banh-gao-mat-ong-fiano.jpg', 14, 0)
INSERT [dbo].[image] ([image_id], [name], [product_id], [status]) VALUES (88, N'tn3-banh-gao-mat-ong-fiano.jpg', 14, 0)
INSERT [dbo].[image] ([image_id], [name], [product_id], [status]) VALUES (89, N'tn4-banh-gao-mat-ong-fiano.jpg', 14, 0)
INSERT [dbo].[image] ([image_id], [name], [product_id], [status]) VALUES (90, N'tn5-banh-gao-mat-ong-fiano.jpg', 14, 0)
INSERT [dbo].[image] ([image_id], [name], [product_id], [status]) VALUES (91, N'tn1-banh-xop-cuon-ca-cao-bahlsen-waffle-minis.jpg', 15, 0)
INSERT [dbo].[image] ([image_id], [name], [product_id], [status]) VALUES (92, N'tn2-banh-xop-cuon-ca-cao-bahlsen-waffle-minis.jpg', 15, 0)
INSERT [dbo].[image] ([image_id], [name], [product_id], [status]) VALUES (93, N'tn3-banh-xop-cuon-ca-cao-bahlsen-waffle-minis.jpg', 15, 0)
INSERT [dbo].[image] ([image_id], [name], [product_id], [status]) VALUES (94, N'tn4-banh-xop-cuon-ca-cao-bahlsen-waffle-minis.jpg', 15, 0)
INSERT [dbo].[image] ([image_id], [name], [product_id], [status]) VALUES (95, N'tn5-banh-xop-cuon-ca-cao-bahlsen-waffle-minis.jpg', 15, 0)
INSERT [dbo].[image] ([image_id], [name], [product_id], [status]) VALUES (96, N'tn1-banh-kem-xop-phomai-richeese-nabati.jpg', 16, 0)
INSERT [dbo].[image] ([image_id], [name], [product_id], [status]) VALUES (97, N'tn2-banh-kem-xop-phomai-richeese-nabati.jpg', 16, 0)
INSERT [dbo].[image] ([image_id], [name], [product_id], [status]) VALUES (98, N'tn3-banh-kem-xop-phomai-richeese-nabati.jpg', 16, 0)
INSERT [dbo].[image] ([image_id], [name], [product_id], [status]) VALUES (99, N'tn1-banh-bong-lan-custas-kem-pho-mai.jpg', 17, 0)
INSERT [dbo].[image] ([image_id], [name], [product_id], [status]) VALUES (100, N'tn2-banh-bong-lan-custas-kem-pho-mai.jpg', 17, 0)
INSERT [dbo].[image] ([image_id], [name], [product_id], [status]) VALUES (101, N'tn3-banh-bong-lan-custas-kem-pho-mai.jpg', 17, 0)
GO
INSERT [dbo].[image] ([image_id], [name], [product_id], [status]) VALUES (102, N'tn1-banh-bong-lan-hura-deli.jpg', 18, 0)
INSERT [dbo].[image] ([image_id], [name], [product_id], [status]) VALUES (103, N'tn2-banh-bong-lan-hura-deli.jpg', 18, 0)
INSERT [dbo].[image] ([image_id], [name], [product_id], [status]) VALUES (104, N'tn3-banh-bong-lan-hura-deli.jpg', 18, 0)
INSERT [dbo].[image] ([image_id], [name], [product_id], [status]) VALUES (105, N'tn1-kitkat.jpg', 19, 0)
INSERT [dbo].[image] ([image_id], [name], [product_id], [status]) VALUES (106, N'tn2-kitkat.jpg', 19, 0)
INSERT [dbo].[image] ([image_id], [name], [product_id], [status]) VALUES (107, N'tn3-kitkat.jpg', 19, 0)
INSERT [dbo].[image] ([image_id], [name], [product_id], [status]) VALUES (108, N'tn1-banh-orion-nhan-kem.jpg', 20, 0)
INSERT [dbo].[image] ([image_id], [name], [product_id], [status]) VALUES (109, N'tn2-banh-orion-nhan-kem.jpg', 20, 0)
INSERT [dbo].[image] ([image_id], [name], [product_id], [status]) VALUES (110, N'tn3-banh-orion-nhan-kem.jpg', 20, 0)
INSERT [dbo].[image] ([image_id], [name], [product_id], [status]) VALUES (111, N'tn1-socola-ferrero-rocher.jpg', 21, 0)
INSERT [dbo].[image] ([image_id], [name], [product_id], [status]) VALUES (112, N'tn2-socola-ferrero-rocher.jpg', 21, 0)
INSERT [dbo].[image] ([image_id], [name], [product_id], [status]) VALUES (113, N'tn3-socola-ferrero-rocher.jpg', 21, 0)
INSERT [dbo].[image] ([image_id], [name], [product_id], [status]) VALUES (114, N'tn4-socola-ferrero-rocher.jpg', 21, 0)
INSERT [dbo].[image] ([image_id], [name], [product_id], [status]) VALUES (115, N'tn1-socola-meiji.jpg', 22, 0)
INSERT [dbo].[image] ([image_id], [name], [product_id], [status]) VALUES (116, N'tn2-socola-meiji.jpg', 22, 0)
INSERT [dbo].[image] ([image_id], [name], [product_id], [status]) VALUES (117, N'tn3-socola-meiji.jpg', 22, 0)
INSERT [dbo].[image] ([image_id], [name], [product_id], [status]) VALUES (118, N'tn1-banh-que-glico-pocky.jpg', 23, 0)
INSERT [dbo].[image] ([image_id], [name], [product_id], [status]) VALUES (119, N'tn2-banh-que-glico-pocky.jpg', 23, 0)
INSERT [dbo].[image] ([image_id], [name], [product_id], [status]) VALUES (120, N'tn3-banh-que-glico-pocky.jpg', 23, 0)
INSERT [dbo].[image] ([image_id], [name], [product_id], [status]) VALUES (121, N'tn4-banh-que-glico-pocky.jpg', 23, 0)
INSERT [dbo].[image] ([image_id], [name], [product_id], [status]) VALUES (122, N'tn5-banh-que-glico-pocky.jpg', 23, 0)
INSERT [dbo].[image] ([image_id], [name], [product_id], [status]) VALUES (123, N'tn1-banh-que-lucky-stick-meiji.jpg', 24, 0)
INSERT [dbo].[image] ([image_id], [name], [product_id], [status]) VALUES (124, N'tn2-banh-que-lucky-stick-meiji.jpg', 24, 0)
INSERT [dbo].[image] ([image_id], [name], [product_id], [status]) VALUES (125, N'tn3-banh-que-lucky-stick-meiji.jpg', 24, 0)
INSERT [dbo].[image] ([image_id], [name], [product_id], [status]) VALUES (126, N'tn1-banh-que-nhan-socola-chuoi-deka.jpg', 25, 0)
INSERT [dbo].[image] ([image_id], [name], [product_id], [status]) VALUES (127, N'tn2-banh-que-nhan-socola-chuoi-deka.jpg', 25, 0)
INSERT [dbo].[image] ([image_id], [name], [product_id], [status]) VALUES (128, N'tn3-banh-que-nhan-socola-chuoi-deka.jpg', 25, 0)
INSERT [dbo].[image] ([image_id], [name], [product_id], [status]) VALUES (132, N'tn4-banh-que-nhan-socola-chuoi-deka.jpg', 25, 0)
INSERT [dbo].[image] ([image_id], [name], [product_id], [status]) VALUES (133, N'tn5-banh-que-nhan-socola-chuoi-deka.jpg', 25, 0)
INSERT [dbo].[image] ([image_id], [name], [product_id], [status]) VALUES (134, N'tn1-banh-que-vi-socola-wasuka.jpg', 26, 0)
INSERT [dbo].[image] ([image_id], [name], [product_id], [status]) VALUES (135, N'tn2-banh-que-vi-socola-wasuka.jpg', 26, 0)
INSERT [dbo].[image] ([image_id], [name], [product_id], [status]) VALUES (136, N'tn3-banh-que-vi-socola-wasuka.jpg', 26, 0)
INSERT [dbo].[image] ([image_id], [name], [product_id], [status]) VALUES (137, N'tn4-banh-que-vi-socola-wasuka.jpg', 26, 0)
INSERT [dbo].[image] ([image_id], [name], [product_id], [status]) VALUES (138, N'tn1-mit-say-rop-rop-goi.jpg', 27, 0)
INSERT [dbo].[image] ([image_id], [name], [product_id], [status]) VALUES (139, N'tn2-mit-say-rop-rop-goi.jpg', 27, 0)
INSERT [dbo].[image] ([image_id], [name], [product_id], [status]) VALUES (140, N'tn3-mit-say-rop-rop-goi.jpg', 27, 0)
INSERT [dbo].[image] ([image_id], [name], [product_id], [status]) VALUES (141, N'tn4-mit-say-rop-rop-goi.jpg', 27, 0)
INSERT [dbo].[image] ([image_id], [name], [product_id], [status]) VALUES (142, N'tn5-mit-say-rop-rop-goi.jpg', 27, 0)
INSERT [dbo].[image] ([image_id], [name], [product_id], [status]) VALUES (143, N'tn1-nho-kho-nguyen-canh-sunraysia-crimson.jpg', 28, 0)
INSERT [dbo].[image] ([image_id], [name], [product_id], [status]) VALUES (144, N'tn2-nho-kho-nguyen-canh-sunraysia-crimson.jpg', 28, 0)
INSERT [dbo].[image] ([image_id], [name], [product_id], [status]) VALUES (145, N'tn3-nho-kho-nguyen-canh-sunraysia-crimson.jpg', 28, 0)
INSERT [dbo].[image] ([image_id], [name], [product_id], [status]) VALUES (146, N'tn4-nho-kho-nguyen-canh-sunraysia-crimson.jpg', 28, 0)
INSERT [dbo].[image] ([image_id], [name], [product_id], [status]) VALUES (147, N'tn5-nho-kho-nguyen-canh-sunraysia-crimson.jpg', 28, 0)
INSERT [dbo].[image] ([image_id], [name], [product_id], [status]) VALUES (148, N'tn1-dau-phong-da-ca-cot-dua.jpg', 29, 0)
INSERT [dbo].[image] ([image_id], [name], [product_id], [status]) VALUES (149, N'tn2-dau-phong-da-ca-cot-dua.jpg', 29, 0)
INSERT [dbo].[image] ([image_id], [name], [product_id], [status]) VALUES (150, N'tn3-dau-phong-da-ca-cot-dua.jpg', 29, 0)
INSERT [dbo].[image] ([image_id], [name], [product_id], [status]) VALUES (151, N'tn4-dau-phong-da-ca-cot-dua.jpg', 29, 0)
INSERT [dbo].[image] ([image_id], [name], [product_id], [status]) VALUES (152, N'tn5-dau-phong-da-ca-cot-dua.jpg', 29, 0)
INSERT [dbo].[image] ([image_id], [name], [product_id], [status]) VALUES (153, N'tn1-hat-dieu-rang-muoi-bazan.jpg', 30, 0)
INSERT [dbo].[image] ([image_id], [name], [product_id], [status]) VALUES (154, N'tn2-hat-dieu-rang-muoi-bazan.jpg', 30, 0)
INSERT [dbo].[image] ([image_id], [name], [product_id], [status]) VALUES (155, N'tn3-hat-dieu-rang-muoi-bazan.jpg', 30, 0)
INSERT [dbo].[image] ([image_id], [name], [product_id], [status]) VALUES (156, N'tn4-hat-dieu-rang-muoi-bazan.jpg', 30, 0)
INSERT [dbo].[image] ([image_id], [name], [product_id], [status]) VALUES (157, N'tn5-hat-dieu-rang-muoi-bazan.jpg', 30, 0)
INSERT [dbo].[image] ([image_id], [name], [product_id], [status]) VALUES (158, N'snack-khoai-tay-vi-ca-chua-peke-potato-chips-lon.jpg', 31, 1)
INSERT [dbo].[image] ([image_id], [name], [product_id], [status]) VALUES (159, N'tn1-snack-khoai-tay-vi-ca-chua-peke-potato-chips-lon.jpg', 31, 0)
INSERT [dbo].[image] ([image_id], [name], [product_id], [status]) VALUES (160, N'tn2-snack-khoai-tay-vi-ca-chua-peke-potato-chips-lon.jpg', 31, 0)
INSERT [dbo].[image] ([image_id], [name], [product_id], [status]) VALUES (161, N'tn3-snack-khoai-tay-vi-ca-chua-peke-potato-chips-lon.jpg', 31, 0)
INSERT [dbo].[image] ([image_id], [name], [product_id], [status]) VALUES (162, N'tn4-snack-khoai-tay-vi-ca-chua-peke-potato-chips-lon.jpg', 31, 0)
INSERT [dbo].[image] ([image_id], [name], [product_id], [status]) VALUES (163, N'tn5-snack-khoai-tay-vi-ca-chua-peke-potato-chips-lon.jpg', 31, 0)
INSERT [dbo].[image] ([image_id], [name], [product_id], [status]) VALUES (164, N'snack-khoai-tay-greens-a-vi-rong-bien-cay.jpg', 32, 1)
INSERT [dbo].[image] ([image_id], [name], [product_id], [status]) VALUES (165, N'tn1-snack-khoai-tay-greens-a-vi-rong-bien-cay.jpg', 32, 0)
INSERT [dbo].[image] ([image_id], [name], [product_id], [status]) VALUES (166, N'tn2-snack-khoai-tay-greens-a-vi-rong-bien-cay.jpg', 32, 0)
INSERT [dbo].[image] ([image_id], [name], [product_id], [status]) VALUES (167, N'tn3-snack-khoai-tay-greens-a-vi-rong-bien-cay.jpg', 32, 0)
INSERT [dbo].[image] ([image_id], [name], [product_id], [status]) VALUES (168, N'tn4-snack-khoai-tay-greens-a-vi-rong-bien-cay.jpg', 32, 0)
INSERT [dbo].[image] ([image_id], [name], [product_id], [status]) VALUES (169, N'tn5-snack-khoai-tay-greens-a-vi-rong-bien-cay.jpg', 32, 0)
INSERT [dbo].[image] ([image_id], [name], [product_id], [status]) VALUES (170, N'snack-khoai-tay-vi-bo-nuong-lua-hong-poca.jpg', 33, 1)
INSERT [dbo].[image] ([image_id], [name], [product_id], [status]) VALUES (171, N'tn1-snack-khoai-tay-vi-bo-nuong-lua-hong-poca.jpg', 33, 0)
INSERT [dbo].[image] ([image_id], [name], [product_id], [status]) VALUES (172, N'tn2-snack-khoai-tay-vi-bo-nuong-lua-hong-poca.jpg', 33, 0)
INSERT [dbo].[image] ([image_id], [name], [product_id], [status]) VALUES (173, N'tn3-snack-khoai-tay-vi-bo-nuong-lua-hong-poca.jpg', 33, 0)
INSERT [dbo].[image] ([image_id], [name], [product_id], [status]) VALUES (174, N'tn4-snack-khoai-tay-vi-bo-nuong-lua-hong-poca.jpg', 33, 0)
INSERT [dbo].[image] ([image_id], [name], [product_id], [status]) VALUES (175, N'tn5-snack-khoai-tay-vi-bo-nuong-lua-hong-poca.jpg', 33, 0)
INSERT [dbo].[image] ([image_id], [name], [product_id], [status]) VALUES (176, N'snack-khoai-tay-vi-suon-nuong-bbq-brazil-lays.jpg', 34, 1)
INSERT [dbo].[image] ([image_id], [name], [product_id], [status]) VALUES (177, N'tn1-snack-khoai-tay-vi-suon-nuong-bbq-brazil-lays.jpg', 34, 0)
INSERT [dbo].[image] ([image_id], [name], [product_id], [status]) VALUES (178, N'tn2-snack-khoai-tay-vi-suon-nuong-bbq-brazil-lays.jpg', 34, 0)
INSERT [dbo].[image] ([image_id], [name], [product_id], [status]) VALUES (179, N'tn3-snack-khoai-tay-vi-suon-nuong-bbq-brazil-lays.jpg', 34, 0)
INSERT [dbo].[image] ([image_id], [name], [product_id], [status]) VALUES (180, N'snack-quay-xoan-vi-rong-bien-dong-hwa.jpg', 35, 1)
INSERT [dbo].[image] ([image_id], [name], [product_id], [status]) VALUES (181, N'tn1-snack-quay-xoan-vi-rong-bien-dong-hwa.jpg', 35, 0)
INSERT [dbo].[image] ([image_id], [name], [product_id], [status]) VALUES (182, N'tn2-snack-quay-xoan-vi-rong-bien-dong-hwa.jpg', 35, 0)
INSERT [dbo].[image] ([image_id], [name], [product_id], [status]) VALUES (183, N'tn3-snack-quay-xoan-vi-rong-bien-dong-hwa.jpg', 35, 0)
INSERT [dbo].[image] ([image_id], [name], [product_id], [status]) VALUES (184, N'tn4-snack-quay-xoan-vi-rong-bien-dong-hwa.jpg', 35, 0)
INSERT [dbo].[image] ([image_id], [name], [product_id], [status]) VALUES (185, N'snack-rong-bien-nuong-vi-kim-chi-tao-kae-noi-super-crisp.jpg', 36, 1)
INSERT [dbo].[image] ([image_id], [name], [product_id], [status]) VALUES (186, N'tn1-snack-rong-bien-nuong-vi-kim-chi-tao-kae-noi-super-crisp.jpg', 36, 0)
INSERT [dbo].[image] ([image_id], [name], [product_id], [status]) VALUES (187, N'tn2-snack-rong-bien-nuong-vi-kim-chi-tao-kae-noi-super-crisp.jpg', 36, 0)
INSERT [dbo].[image] ([image_id], [name], [product_id], [status]) VALUES (188, N'tn3-snack-rong-bien-nuong-vi-kim-chi-tao-kae-noi-super-crisp.jpg', 36, 0)
INSERT [dbo].[image] ([image_id], [name], [product_id], [status]) VALUES (189, N'snack-rong-bien-gion-vi-truyen-thong-tao-kae-noi.jpg', 37, 1)
INSERT [dbo].[image] ([image_id], [name], [product_id], [status]) VALUES (190, N'tn1-snack-rong-bien-gion-vi-truyen-thong-tao-kae-noi.jpg', 37, 0)
INSERT [dbo].[image] ([image_id], [name], [product_id], [status]) VALUES (191, N'tn2-snack-rong-bien-gion-vi-truyen-thong-tao-kae-noi.jpg', 37, 0)
INSERT [dbo].[image] ([image_id], [name], [product_id], [status]) VALUES (192, N'tn3-snack-rong-bien-gion-vi-truyen-thong-tao-kae-noi.jpg', 37, 0)
INSERT [dbo].[image] ([image_id], [name], [product_id], [status]) VALUES (193, N'vi-godbawee.jpg', 38, 1)
INSERT [dbo].[image] ([image_id], [name], [product_id], [status]) VALUES (194, N'tn1-vi-godbawee.jpg', 38, 0)
INSERT [dbo].[image] ([image_id], [name], [product_id], [status]) VALUES (195, N'tn2-vi-godbawee.jpg', 38, 0)
INSERT [dbo].[image] ([image_id], [name], [product_id], [status]) VALUES (196, N'tn3-vi-godbawee.jpg', 38, 0)
INSERT [dbo].[image] ([image_id], [name], [product_id], [status]) VALUES (197, N'banh-quy-yen-mach-nho-kho-va-choco-chips-andersens.jpg', 39, 1)
INSERT [dbo].[image] ([image_id], [name], [product_id], [status]) VALUES (198, N'tn1-banh-quy-yen-mach-nho-kho-va-choco-chips-andersens.jpg', 39, 0)
INSERT [dbo].[image] ([image_id], [name], [product_id], [status]) VALUES (199, N'tn2-banh-quy-yen-mach-nho-kho-va-choco-chips-andersens.jpg', 39, 0)
INSERT [dbo].[image] ([image_id], [name], [product_id], [status]) VALUES (200, N'tn3-banh-quy-yen-mach-nho-kho-va-choco-chips-andersens.jpg', 39, 0)
INSERT [dbo].[image] ([image_id], [name], [product_id], [status]) VALUES (201, N'tn4-banh-quy-yen-mach-nho-kho-va-choco-chips-andersens.jpg', 39, 0)
INSERT [dbo].[image] ([image_id], [name], [product_id], [status]) VALUES (202, N'banh-quy-kem-bo-kokola-wafel-cookies.jpg', 40, 1)
INSERT [dbo].[image] ([image_id], [name], [product_id], [status]) VALUES (203, N'tn1-banh-quy-kem-bo-kokola-wafel-cookies.jpg', 40, 0)
INSERT [dbo].[image] ([image_id], [name], [product_id], [status]) VALUES (204, N'tn2-banh-quy-kem-bo-kokola-wafel-cookies.jpg', 40, 0)
GO
INSERT [dbo].[image] ([image_id], [name], [product_id], [status]) VALUES (205, N'tn3-banh-quy-kem-bo-kokola-wafel-cookies.jpg', 40, 0)
INSERT [dbo].[image] ([image_id], [name], [product_id], [status]) VALUES (206, N'tn4-banh-quy-kem-bo-kokola-wafel-cookies.jpg', 40, 0)
INSERT [dbo].[image] ([image_id], [name], [product_id], [status]) VALUES (207, N'tn5-banh-quy-kem-bo-kokola-wafel-cookies.jpg', 40, 0)
INSERT [dbo].[image] ([image_id], [name], [product_id], [status]) VALUES (208, N'banh-ladyfingers-nguyen-goc-y-matilde-vicenzi-vicenzovo.jpg', 41, 1)
INSERT [dbo].[image] ([image_id], [name], [product_id], [status]) VALUES (209, N'tn1-banh-ladyfingers-nguyen-goc-y-matilde-vicenzi-vicenzovo.jpg', 41, 0)
INSERT [dbo].[image] ([image_id], [name], [product_id], [status]) VALUES (210, N'tn2-banh-ladyfingers-nguyen-goc-y-matilde-vicenzi-vicenzovo.jpg', 41, 0)
INSERT [dbo].[image] ([image_id], [name], [product_id], [status]) VALUES (211, N'tn3-banh-ladyfingers-nguyen-goc-y-matilde-vicenzi-vicenzovo.jpg', 41, 0)
INSERT [dbo].[image] ([image_id], [name], [product_id], [status]) VALUES (212, N'banh-quy-lua-mi-misura.jpg', 42, 1)
INSERT [dbo].[image] ([image_id], [name], [product_id], [status]) VALUES (213, N'tn1-banh-quy-lua-mi-misura.jpg', 42, 0)
INSERT [dbo].[image] ([image_id], [name], [product_id], [status]) VALUES (214, N'tn2-banh-quy-lua-mi-misura.jpg', 42, 0)
INSERT [dbo].[image] ([image_id], [name], [product_id], [status]) VALUES (215, N'tn3-banh-quy-lua-mi-misura.jpg', 42, 0)
INSERT [dbo].[image] ([image_id], [name], [product_id], [status]) VALUES (216, N'banh-quy-pho-mai-zess.jpg', 43, 1)
INSERT [dbo].[image] ([image_id], [name], [product_id], [status]) VALUES (217, N'tn1-banh-quy-pho-mai-zess.jpg', 43, 0)
INSERT [dbo].[image] ([image_id], [name], [product_id], [status]) VALUES (218, N'tn2-banh-quy-pho-mai-zess.jpg', 43, 0)
INSERT [dbo].[image] ([image_id], [name], [product_id], [status]) VALUES (219, N'tn3-banh-quy-pho-mai-zess.jpg', 43, 0)
INSERT [dbo].[image] ([image_id], [name], [product_id], [status]) VALUES (220, N'tn4-banh-quy-pho-mai-zess.jpg', 43, 0)
INSERT [dbo].[image] ([image_id], [name], [product_id], [status]) VALUES (221, N'banh-bo-trung-richy.jpg', 44, 1)
INSERT [dbo].[image] ([image_id], [name], [product_id], [status]) VALUES (222, N'tn1-banh-bo-trung-richy.jpg', 44, 0)
INSERT [dbo].[image] ([image_id], [name], [product_id], [status]) VALUES (223, N'tn2-banh-bo-trung-richy.jpg', 44, 0)
INSERT [dbo].[image] ([image_id], [name], [product_id], [status]) VALUES (224, N'tn3-banh-bo-trung-richy.jpg', 44, 0)
INSERT [dbo].[image] ([image_id], [name], [product_id], [status]) VALUES (225, N'banh-trung-kem-sau-rieng-tipo.jpg', 45, 1)
INSERT [dbo].[image] ([image_id], [name], [product_id], [status]) VALUES (226, N'tn1-banh-trung-kem-sau-rieng-socola-tipo.jpg', 45, 0)
INSERT [dbo].[image] ([image_id], [name], [product_id], [status]) VALUES (227, N'tn2-banh-trung-kem-sau-rieng-socola-tipo.jpg', 45, 0)
INSERT [dbo].[image] ([image_id], [name], [product_id], [status]) VALUES (228, N'tn3-banh-trung-kem-sau-rieng-socola-tipo.jpg', 45, 0)
INSERT [dbo].[image] ([image_id], [name], [product_id], [status]) VALUES (229, N'tn4-banh-trung-kem-sau-rieng-socola-tipo.jpg', 45, 0)
INSERT [dbo].[image] ([image_id], [name], [product_id], [status]) VALUES (230, N'banh-trung-mini-huong-rau-tong-hop-ibo.jpg', 46, 1)
INSERT [dbo].[image] ([image_id], [name], [product_id], [status]) VALUES (231, N'tn1-banh-trung-mini-huong-rau-tong-hop-ibo.jpg', 46, 0)
INSERT [dbo].[image] ([image_id], [name], [product_id], [status]) VALUES (232, N'tn2-banh-trung-mini-huong-rau-tong-hop-ibo.jpg', 46, 0)
INSERT [dbo].[image] ([image_id], [name], [product_id], [status]) VALUES (233, N'tn3-banh-trung-mini-huong-rau-tong-hop-ibo.jpg', 46, 0)
INSERT [dbo].[image] ([image_id], [name], [product_id], [status]) VALUES (234, N'tn4-banh-trung-mini-huong-rau-tong-hop-ibo.jpg', 46, 0)
INSERT [dbo].[image] ([image_id], [name], [product_id], [status]) VALUES (235, N'banh-trung-bo-sua-tik-tok.jpg', 47, 1)
INSERT [dbo].[image] ([image_id], [name], [product_id], [status]) VALUES (236, N'tn1-banh-trung-bo-sua-tik-tok.jpg', 47, 0)
INSERT [dbo].[image] ([image_id], [name], [product_id], [status]) VALUES (237, N'tn2-banh-trung-bo-sua-tik-tok.jpg', 47, 0)
INSERT [dbo].[image] ([image_id], [name], [product_id], [status]) VALUES (238, N'tn3-banh-trung-bo-sua-tik-tok.jpg', 47, 0)
INSERT [dbo].[image] ([image_id], [name], [product_id], [status]) VALUES (239, N'tn4-banh-trung-bo-sua-tik-tok.jpg', 47, 0)
INSERT [dbo].[image] ([image_id], [name], [product_id], [status]) VALUES (240, N'tn5-banh-trung-bo-sua-tik-tok.jpg', 47, 0)
INSERT [dbo].[image] ([image_id], [name], [product_id], [status]) VALUES (241, N'keo-gum-khong-duong-lotte-xylitol-cool.jpg', 48, 1)
INSERT [dbo].[image] ([image_id], [name], [product_id], [status]) VALUES (242, N'tn1-keo-gum-khong-duong-lotte-xylitol-cool.jpg', 48, 0)
INSERT [dbo].[image] ([image_id], [name], [product_id], [status]) VALUES (243, N'tn2-keo-gum-khong-duong-lotte-xylitol-cool.jpg', 48, 0)
INSERT [dbo].[image] ([image_id], [name], [product_id], [status]) VALUES (244, N'tn3-keo-gum-khong-duong-lotte-xylitol-cool.jpg', 48, 0)
INSERT [dbo].[image] ([image_id], [name], [product_id], [status]) VALUES (245, N'keo-cao-su-doublemint-peppermint.jpg', 49, 1)
INSERT [dbo].[image] ([image_id], [name], [product_id], [status]) VALUES (246, N'tn1-keo-cao-su-doublemint-peppermint.jpg', 49, 0)
INSERT [dbo].[image] ([image_id], [name], [product_id], [status]) VALUES (247, N'tn2-keo-cao-su-doublemint-peppermint.jpg', 49, 0)
INSERT [dbo].[image] ([image_id], [name], [product_id], [status]) VALUES (248, N'tn3-keo-cao-su-doublemint-peppermint.jpg', 49, 0)
INSERT [dbo].[image] ([image_id], [name], [product_id], [status]) VALUES (249, N'sing-gum-khong-duong-extra-huong-bac-ha.jpg', 50, 1)
INSERT [dbo].[image] ([image_id], [name], [product_id], [status]) VALUES (250, N'tn1-sing-gum-khong-duong-extra-huong-bac-ha.jpg', 50, 0)
INSERT [dbo].[image] ([image_id], [name], [product_id], [status]) VALUES (251, N'tn2-sing-gum-khong-duong-extra-huong-bac-ha.jpg', 50, 0)
INSERT [dbo].[image] ([image_id], [name], [product_id], [status]) VALUES (252, N'tn3-sing-gum-khong-duong-extra-huong-bac-ha.jpg', 50, 0)
INSERT [dbo].[image] ([image_id], [name], [product_id], [status]) VALUES (253, N'tn4-sing-gum-khong-duong-extra-huong-bac-ha.jpg', 50, 0)
INSERT [dbo].[image] ([image_id], [name], [product_id], [status]) VALUES (254, N'keo-cao-su-mentos-huong-bac-ha.jpg', 51, 1)
INSERT [dbo].[image] ([image_id], [name], [product_id], [status]) VALUES (255, N'tn1-keo-cao-su-mentos-huong-bac-ha.jpg', 51, 0)
INSERT [dbo].[image] ([image_id], [name], [product_id], [status]) VALUES (256, N'tn2-keo-cao-su-mentos-huong-bac-ha.jpg', 51, 0)
INSERT [dbo].[image] ([image_id], [name], [product_id], [status]) VALUES (257, N'tn3-keo-cao-su-mentos-huong-bac-ha.jpg', 51, 0)
INSERT [dbo].[image] ([image_id], [name], [product_id], [status]) VALUES (258, N'keo-gum-khong-duong-trident-huong-bac-ha.jpg', 52, 1)
INSERT [dbo].[image] ([image_id], [name], [product_id], [status]) VALUES (259, N'tn1-keo-gum-khong-duong-trident-huong-bac-ha.jpg', 52, 0)
INSERT [dbo].[image] ([image_id], [name], [product_id], [status]) VALUES (260, N'tn2-keo-gum-khong-duong-trident-huong-bac-ha.jpg', 52, 0)
INSERT [dbo].[image] ([image_id], [name], [product_id], [status]) VALUES (261, N'tn3-keo-gum-khong-duong-trident-huong-bac-ha.jpg', 52, 0)
INSERT [dbo].[image] ([image_id], [name], [product_id], [status]) VALUES (262, N'tn4-keo-gum-khong-duong-trident-huong-bac-ha.jpg', 52, 0)
INSERT [dbo].[image] ([image_id], [name], [product_id], [status]) VALUES (263, N'keo-sing-gum-cool-air-huong-bac-ha-khuynh-diep.jpg', 53, 1)
INSERT [dbo].[image] ([image_id], [name], [product_id], [status]) VALUES (264, N'tn1-keo-sing-gum-cool-air-huong-bac-ha-khuynh-diep.jpg', 53, 0)
INSERT [dbo].[image] ([image_id], [name], [product_id], [status]) VALUES (265, N'tn2-keo-sing-gum-cool-air-huong-bac-ha-khuynh-diep.jpg', 53, 0)
INSERT [dbo].[image] ([image_id], [name], [product_id], [status]) VALUES (266, N'tn3-keo-sing-gum-cool-air-huong-bac-ha-khuynh-diep.jpg', 53, 0)
INSERT [dbo].[image] ([image_id], [name], [product_id], [status]) VALUES (267, N'tn4-keo-sing-gum-cool-air-huong-bac-ha-khuynh-diep.jpg', 53, 0)
INSERT [dbo].[image] ([image_id], [name], [product_id], [status]) VALUES (268, N'keo-icedrop-sieu-mat-lanh.jpg', 54, 1)
INSERT [dbo].[image] ([image_id], [name], [product_id], [status]) VALUES (269, N'tn1-keo-icedrop-sieu-mat-lanh.jpg', 54, 0)
INSERT [dbo].[image] ([image_id], [name], [product_id], [status]) VALUES (270, N'tn2-keo-icedrop-sieu-mat-lanh.jpg', 54, 0)
INSERT [dbo].[image] ([image_id], [name], [product_id], [status]) VALUES (271, N'tn3-keo-icedrop-sieu-mat-lanh.jpg', 54, 0)
INSERT [dbo].[image] ([image_id], [name], [product_id], [status]) VALUES (272, N'tn4-keo-icedrop-sieu-mat-lanh.jpg', 54, 0)
INSERT [dbo].[image] ([image_id], [name], [product_id], [status]) VALUES (273, N'keo-huong-chanh-day-lolli.jpg', 55, 1)
INSERT [dbo].[image] ([image_id], [name], [product_id], [status]) VALUES (274, N'tn1-keo-huong-chanh-day-lolli.jpg', 55, 0)
INSERT [dbo].[image] ([image_id], [name], [product_id], [status]) VALUES (275, N'tn2-keo-huong-chanh-day-lolli.jpg', 55, 0)
INSERT [dbo].[image] ([image_id], [name], [product_id], [status]) VALUES (276, N'tn3-keo-huong-chanh-day-lolli.jpg', 55, 0)
INSERT [dbo].[image] ([image_id], [name], [product_id], [status]) VALUES (277, N'tn4-keo-huong-chanh-day-lolli.jpg', 55, 0)
INSERT [dbo].[image] ([image_id], [name], [product_id], [status]) VALUES (278, N'tn5-keo-huong-chanh-day-lolli.jpg', 55, 0)
INSERT [dbo].[image] ([image_id], [name], [product_id], [status]) VALUES (279, N'keo-ca-phe-savory.jpg', 56, 1)
INSERT [dbo].[image] ([image_id], [name], [product_id], [status]) VALUES (280, N'tn1-keo-ca-phe-savory.jpg', 56, 0)
INSERT [dbo].[image] ([image_id], [name], [product_id], [status]) VALUES (281, N'tn2-keo-ca-phe-savory.jpg', 56, 0)
INSERT [dbo].[image] ([image_id], [name], [product_id], [status]) VALUES (282, N'tn3-keo-ca-phe-savory.jpg', 56, 0)
INSERT [dbo].[image] ([image_id], [name], [product_id], [status]) VALUES (283, N'tn4-keo-ca-phe-savory.jpg', 56, 0)
INSERT [dbo].[image] ([image_id], [name], [product_id], [status]) VALUES (284, N'keo-jelly-me-den-lolli.jpg', 57, 1)
INSERT [dbo].[image] ([image_id], [name], [product_id], [status]) VALUES (285, N'tn1-keo-jelly-me-den-lolli.jpg', 57, 0)
INSERT [dbo].[image] ([image_id], [name], [product_id], [status]) VALUES (286, N'tn2-keo-jelly-me-den-lolli.jpg', 57, 0)
INSERT [dbo].[image] ([image_id], [name], [product_id], [status]) VALUES (287, N'tn3-keo-jelly-me-den-lolli.jpg', 57, 0)
INSERT [dbo].[image] ([image_id], [name], [product_id], [status]) VALUES (288, N'tn4-keo-jelly-me-den-lolli.jpg', 57, 0)
INSERT [dbo].[image] ([image_id], [name], [product_id], [status]) VALUES (289, N'keo-trai-cay-hon-hop-lolli.jpg', 58, 1)
INSERT [dbo].[image] ([image_id], [name], [product_id], [status]) VALUES (290, N'tn1-keo-trai-cay-hon-hop-lolli.jpg', 58, 0)
INSERT [dbo].[image] ([image_id], [name], [product_id], [status]) VALUES (291, N'tn2-keo-trai-cay-hon-hop-lolli.jpg', 58, 0)
INSERT [dbo].[image] ([image_id], [name], [product_id], [status]) VALUES (292, N'tn3-keo-trai-cay-hon-hop-lolli.jpg', 58, 0)
INSERT [dbo].[image] ([image_id], [name], [product_id], [status]) VALUES (293, N'tn4-keo-trai-cay-hon-hop-lolli.jpg', 58, 0)
INSERT [dbo].[image] ([image_id], [name], [product_id], [status]) VALUES (294, N'keo-socola-den-riesen-nhan-mem.jpg', 59, 1)
INSERT [dbo].[image] ([image_id], [name], [product_id], [status]) VALUES (295, N'tn1-keo-socola-den-riesen-nhan-mem.jpg', 59, 0)
INSERT [dbo].[image] ([image_id], [name], [product_id], [status]) VALUES (296, N'tn2-keo-socola-den-riesen-nhan-mem.jpg', 59, 0)
INSERT [dbo].[image] ([image_id], [name], [product_id], [status]) VALUES (297, N'tn3-keo-socola-den-riesen-nhan-mem.jpg', 59, 0)
INSERT [dbo].[image] ([image_id], [name], [product_id], [status]) VALUES (298, N'tn4-keo-socola-den-riesen-nhan-mem.jpg', 59, 0)
INSERT [dbo].[image] ([image_id], [name], [product_id], [status]) VALUES (299, N'keo-the-sieu-mat-lanh-play-more.jpg', 60, 1)
INSERT [dbo].[image] ([image_id], [name], [product_id], [status]) VALUES (300, N'tn1-keo-the-sieu-mat-lanh-play-more.jpg', 60, 0)
INSERT [dbo].[image] ([image_id], [name], [product_id], [status]) VALUES (301, N'tn2-keo-the-sieu-mat-lanh-play-more.jpg', 60, 0)
INSERT [dbo].[image] ([image_id], [name], [product_id], [status]) VALUES (302, N'tn3-keo-the-sieu-mat-lanh-play-more.jpg', 60, 0)
INSERT [dbo].[image] ([image_id], [name], [product_id], [status]) VALUES (303, N'tn4-keo-the-sieu-mat-lanh-play-more.jpg', 60, 0)
INSERT [dbo].[image] ([image_id], [name], [product_id], [status]) VALUES (304, N'tn5-keo-the-sieu-mat-lanh-play-more.jpg', 60, 0)
GO
INSERT [dbo].[image] ([image_id], [name], [product_id], [status]) VALUES (305, N'banh-gao-dau-nanh-want-want.jpg', 61, 1)
INSERT [dbo].[image] ([image_id], [name], [product_id], [status]) VALUES (306, N'tn1-banh-gao-dau-nanh-want-want.jpg', 61, 0)
INSERT [dbo].[image] ([image_id], [name], [product_id], [status]) VALUES (307, N'tn2-banh-gao-dau-nanh-want-want.jpg', 61, 0)
INSERT [dbo].[image] ([image_id], [name], [product_id], [status]) VALUES (308, N'tn3-banh-gao-dau-nanh-want-want.jpg', 61, 0)
INSERT [dbo].[image] ([image_id], [name], [product_id], [status]) VALUES (309, N'tn4-banh-gao-dau-nanh-want-want.jpg', 61, 0)
INSERT [dbo].[image] ([image_id], [name], [product_id], [status]) VALUES (310, N'tn5-banh-gao-dau-nanh-want-want.jpg', 61, 0)
INSERT [dbo].[image] ([image_id], [name], [product_id], [status]) VALUES (311, N'banh-gao-mat-ong-richy.jpg', 62, 1)
INSERT [dbo].[image] ([image_id], [name], [product_id], [status]) VALUES (312, N'tn1-banh-gao-mat-ong-richy.jpg', 62, 0)
INSERT [dbo].[image] ([image_id], [name], [product_id], [status]) VALUES (313, N'tn2-banh-gao-mat-ong-richy.jpg', 62, 0)
INSERT [dbo].[image] ([image_id], [name], [product_id], [status]) VALUES (314, N'tn3-banh-gao-mat-ong-richy.jpg', 62, 0)
INSERT [dbo].[image] ([image_id], [name], [product_id], [status]) VALUES (315, N'tn4-banh-gao-mat-ong-richy.jpg', 62, 0)
INSERT [dbo].[image] ([image_id], [name], [product_id], [status]) VALUES (316, N'banh-gao-kobana-vi-tbarbecue.jpg', 63, 1)
INSERT [dbo].[image] ([image_id], [name], [product_id], [status]) VALUES (317, N'tn1-banh-gao-kobana-vi-tbarbecue.jpg', 63, 0)
INSERT [dbo].[image] ([image_id], [name], [product_id], [status]) VALUES (318, N'tn2-banh-gao-kobana-vi-tbarbecue.jpg', 63, 0)
INSERT [dbo].[image] ([image_id], [name], [product_id], [status]) VALUES (319, N'tn3-banh-gao-kobana-vi-tbarbecue.jpg', 63, 0)
INSERT [dbo].[image] ([image_id], [name], [product_id], [status]) VALUES (320, N'banh-gao-kobana-vi-teriyaki.jpg', 64, 1)
INSERT [dbo].[image] ([image_id], [name], [product_id], [status]) VALUES (321, N'tn1-banh-gao-kobana-vi-teriyaki.jpg', 64, 0)
INSERT [dbo].[image] ([image_id], [name], [product_id], [status]) VALUES (322, N'tn2-banh-gao-kobana-vi-teriyaki.jpg', 64, 0)
INSERT [dbo].[image] ([image_id], [name], [product_id], [status]) VALUES (323, N'tn3-banh-gao-kobana-vi-teriyaki.jpg', 64, 0)
INSERT [dbo].[image] ([image_id], [name], [product_id], [status]) VALUES (324, N'banh-gao-nhat-ichi.jpg', 65, 1)
INSERT [dbo].[image] ([image_id], [name], [product_id], [status]) VALUES (325, N'tn1-banh-gao-nhat-ichi.jpg', 65, 0)
INSERT [dbo].[image] ([image_id], [name], [product_id], [status]) VALUES (326, N'tn2-banh-gao-nhat-ichi.jpg', 65, 0)
INSERT [dbo].[image] ([image_id], [name], [product_id], [status]) VALUES (327, N'tn3-banh-gao-nhat-ichi.jpg', 65, 0)
INSERT [dbo].[image] ([image_id], [name], [product_id], [status]) VALUES (328, N'banh-gao-nuong-vi-ca-nhat-thuong-hang-orion-an.jpg', 66, 1)
INSERT [dbo].[image] ([image_id], [name], [product_id], [status]) VALUES (329, N'tn1-banh-gao-nuong-vi-ca-nhat-thuong-hang-orion-an.jpg', 66, 0)
INSERT [dbo].[image] ([image_id], [name], [product_id], [status]) VALUES (330, N'tn2-banh-gao-nuong-vi-ca-nhat-thuong-hang-orion-an.jpg', 66, 0)
INSERT [dbo].[image] ([image_id], [name], [product_id], [status]) VALUES (331, N'tn3-banh-gao-nuong-vi-ca-nhat-thuong-hang-orion-an.jpg', 66, 0)
INSERT [dbo].[image] ([image_id], [name], [product_id], [status]) VALUES (332, N'tn4-banh-gao-nuong-vi-ca-nhat-thuong-hang-orion-an.jpg', 66, 0)
INSERT [dbo].[image] ([image_id], [name], [product_id], [status]) VALUES (333, N'tn5-banh-gao-nuong-vi-ca-nhat-thuong-hang-orion-an.jpg', 66, 0)
INSERT [dbo].[image] ([image_id], [name], [product_id], [status]) VALUES (334, N'banh-xop-socola-nissin-wafers.jpg', 67, 1)
INSERT [dbo].[image] ([image_id], [name], [product_id], [status]) VALUES (335, N'tn1-banh-xop-socola-nissin-wafers.jpg', 67, 0)
INSERT [dbo].[image] ([image_id], [name], [product_id], [status]) VALUES (336, N'tn2-banh-xop-socola-nissin-wafers.jpg', 67, 0)
INSERT [dbo].[image] ([image_id], [name], [product_id], [status]) VALUES (337, N'tn3-banh-xop-socola-nissin-wafers.jpg', 67, 0)
INSERT [dbo].[image] ([image_id], [name], [product_id], [status]) VALUES (338, N'tn4-banh-xop-socola-nissin-wafers-.jpg', 67, 0)
INSERT [dbo].[image] ([image_id], [name], [product_id], [status]) VALUES (339, N'banh-xop-vi-dau-spoonz-ice-cone-snack.jpg', 68, 1)
INSERT [dbo].[image] ([image_id], [name], [product_id], [status]) VALUES (340, N'tn1-banh-xop-vi-dau-spoonz-ice-cone-snack.jpg', 68, 0)
INSERT [dbo].[image] ([image_id], [name], [product_id], [status]) VALUES (341, N'tn2-banh-xop-vi-dau-spoonz-ice-cone-snack.jpg', 68, 0)
INSERT [dbo].[image] ([image_id], [name], [product_id], [status]) VALUES (342, N'tn3-banh-xop-vi-dau-spoonz-ice-cone-snack.jpg', 68, 0)
INSERT [dbo].[image] ([image_id], [name], [product_id], [status]) VALUES (343, N'tn4-banh-xop-vi-dau-spoonz-ice-cone-snack.jpg', 68, 0)
INSERT [dbo].[image] ([image_id], [name], [product_id], [status]) VALUES (344, N'tn5-banh-xop-vi-dau-spoonz-ice-cone-snack.jpg', 68, 0)
INSERT [dbo].[image] ([image_id], [name], [product_id], [status]) VALUES (345, N'banh-xop-sau-rieng-janscorp.jpg', 69, 1)
INSERT [dbo].[image] ([image_id], [name], [product_id], [status]) VALUES (346, N'tn1-banh-xop-sau-rieng-janscorp.jpg', 69, 0)
INSERT [dbo].[image] ([image_id], [name], [product_id], [status]) VALUES (347, N'tn2-banh-xop-sau-rieng-janscorp.jpg', 69, 0)
INSERT [dbo].[image] ([image_id], [name], [product_id], [status]) VALUES (348, N'tn3-banh-xop-sau-rieng-janscorp.jpg', 69, 0)
INSERT [dbo].[image] ([image_id], [name], [product_id], [status]) VALUES (349, N'tn4-banh-xop-sau-rieng-janscorp.jpg', 69, 0)
INSERT [dbo].[image] ([image_id], [name], [product_id], [status]) VALUES (350, N'tn5-banh-xop-sau-rieng-janscorp.jpg', 69, 0)
INSERT [dbo].[image] ([image_id], [name], [product_id], [status]) VALUES (351, N'tn6-banh-xop-sau-rieng-janscorp.jpg', 69, 0)
INSERT [dbo].[image] ([image_id], [name], [product_id], [status]) VALUES (352, N'banh-xop-phu-kem-socola-superstar.jpg', 70, 1)
INSERT [dbo].[image] ([image_id], [name], [product_id], [status]) VALUES (353, N'tn1-banh-xop-phu-kem-socola-superstar.jpg', 70, 0)
INSERT [dbo].[image] ([image_id], [name], [product_id], [status]) VALUES (354, N'tn2-banh-xop-phu-kem-socola-superstar.jpg', 70, 0)
INSERT [dbo].[image] ([image_id], [name], [product_id], [status]) VALUES (355, N'tn3-banh-xop-phu-kem-socola-superstar.jpg', 70, 0)
INSERT [dbo].[image] ([image_id], [name], [product_id], [status]) VALUES (356, N'tn4-banh-xop-phu-kem-socola-superstar.jpg', 70, 0)
INSERT [dbo].[image] ([image_id], [name], [product_id], [status]) VALUES (357, N'tn5-banh-xop-phu-kem-socola-superstar.jpg', 70, 0)
INSERT [dbo].[image] ([image_id], [name], [product_id], [status]) VALUES (358, N'banh-xop-nhan-pho-mai-cal-cheese.jpg', 71, 1)
INSERT [dbo].[image] ([image_id], [name], [product_id], [status]) VALUES (359, N'tn1-banh-xop-nhan-pho-mai-cal-cheese.jpg', 71, 0)
INSERT [dbo].[image] ([image_id], [name], [product_id], [status]) VALUES (360, N'tn2-banh-xop-nhan-pho-mai-cal-cheese.jpg', 71, 0)
INSERT [dbo].[image] ([image_id], [name], [product_id], [status]) VALUES (361, N'tn3-banh-xop-nhan-pho-mai-cal-cheese.jpg', 71, 0)
INSERT [dbo].[image] ([image_id], [name], [product_id], [status]) VALUES (362, N'tn4-banh-xop-nhan-pho-mai-cal-cheese.jpg', 71, 0)
INSERT [dbo].[image] ([image_id], [name], [product_id], [status]) VALUES (363, N'tn5-banh-xop-nhan-pho-mai-cal-cheese.jpg', 71, 0)
INSERT [dbo].[image] ([image_id], [name], [product_id], [status]) VALUES (364, N'banh-xop-huong-sua-hokkaido-chocky.jpg', 72, 1)
INSERT [dbo].[image] ([image_id], [name], [product_id], [status]) VALUES (365, N'tn1-banh-xop-huong-sua-hokkaido-chocky.jpg', 72, 0)
INSERT [dbo].[image] ([image_id], [name], [product_id], [status]) VALUES (366, N'tn2-banh-xop-huong-sua-hokkaido-chocky.jpg', 72, 0)
INSERT [dbo].[image] ([image_id], [name], [product_id], [status]) VALUES (367, N'tn3-banh-xop-huong-sua-hokkaido-chocky.jpg', 72, 0)
INSERT [dbo].[image] ([image_id], [name], [product_id], [status]) VALUES (368, N'tn4-banh-xop-huong-sua-hokkaido-chocky.jpg', 72, 0)
INSERT [dbo].[image] ([image_id], [name], [product_id], [status]) VALUES (369, N'banh-bong-lan-cuon-kem-vi-dau-va-vi-la-dua-solite.jpg', 73, 1)
INSERT [dbo].[image] ([image_id], [name], [product_id], [status]) VALUES (370, N'tn1-banh-bong-lan-cuon-kem-vi-dau-va-vi-la-dua-solite.jpg', 73, 0)
INSERT [dbo].[image] ([image_id], [name], [product_id], [status]) VALUES (371, N'tn2-banh-bong-lan-cuon-kem-vi-dau-va-vi-la-dua-solite.jpg', 73, 0)
INSERT [dbo].[image] ([image_id], [name], [product_id], [status]) VALUES (372, N'tn3-banh-bong-lan-cuon-kem-vi-dau-va-vi-la-dua-solite.jpg', 73, 0)
INSERT [dbo].[image] ([image_id], [name], [product_id], [status]) VALUES (373, N'tn4-banh-bong-lan-cuon-kem-vi-dau-va-vi-la-dua-solite.jpg', 73, 0)
INSERT [dbo].[image] ([image_id], [name], [product_id], [status]) VALUES (374, N'tn5-banh-bong-lan-cuon-kem-vi-dau-va-vi-la-dua-solite.jpg', 73, 0)
INSERT [dbo].[image] ([image_id], [name], [product_id], [status]) VALUES (375, N'banh-bong-lan-cuon-kem-vi-socola-solite.jpg', 74, 1)
INSERT [dbo].[image] ([image_id], [name], [product_id], [status]) VALUES (376, N'tn1-banh-bong-lan-cuon-kem-vi-socola-solite.jpg', 74, 0)
INSERT [dbo].[image] ([image_id], [name], [product_id], [status]) VALUES (377, N'tn2-banh-bong-lan-cuon-kem-vi-socola-solite.jpg', 74, 0)
INSERT [dbo].[image] ([image_id], [name], [product_id], [status]) VALUES (378, N'tn3-banh-bong-lan-cuon-kem-vi-socola-solite.jpg', 74, 0)
INSERT [dbo].[image] ([image_id], [name], [product_id], [status]) VALUES (379, N'tn4-banh-bong-lan-cuon-kem-vi-socola-solite.jpg', 74, 0)
INSERT [dbo].[image] ([image_id], [name], [product_id], [status]) VALUES (380, N'tn5-banh-bong-lan-cuon-kem-vi-socola-solite.jpg', 74, 0)
INSERT [dbo].[image] ([image_id], [name], [product_id], [status]) VALUES (381, N'banh-custas.jpg', 75, 1)
INSERT [dbo].[image] ([image_id], [name], [product_id], [status]) VALUES (382, N'tn1-banh-custas.jpg', 75, 0)
INSERT [dbo].[image] ([image_id], [name], [product_id], [status]) VALUES (383, N'tn2-banh-custas.jpg', 75, 0)
INSERT [dbo].[image] ([image_id], [name], [product_id], [status]) VALUES (384, N'tn3-banh-custas.jpg', 75, 0)
INSERT [dbo].[image] ([image_id], [name], [product_id], [status]) VALUES (385, N'banh-bong-lan-hura-swissroll-kem-bo-sua.jpg', 76, 1)
INSERT [dbo].[image] ([image_id], [name], [product_id], [status]) VALUES (386, N'tn1-banh-bong-lan-hura-swissroll-kem-bo-sua.jpg', 76, 0)
INSERT [dbo].[image] ([image_id], [name], [product_id], [status]) VALUES (387, N'tn2-banh-bong-lan-hura-swissroll-kem-bo-sua.jpg', 76, 0)
INSERT [dbo].[image] ([image_id], [name], [product_id], [status]) VALUES (388, N'tn3-banh-bong-lan-hura-swissroll-kem-bo-sua.jpg', 76, 0)
INSERT [dbo].[image] ([image_id], [name], [product_id], [status]) VALUES (389, N'banh-bong-lan-huong-com-cupcake.jpg', 77, 1)
INSERT [dbo].[image] ([image_id], [name], [product_id], [status]) VALUES (390, N'tn1-banh-bong-lan-huong-com-cupcake.jpg', 77, 0)
INSERT [dbo].[image] ([image_id], [name], [product_id], [status]) VALUES (391, N'tn2-banh-bong-lan-huong-com-cupcake.jpg', 77, 0)
INSERT [dbo].[image] ([image_id], [name], [product_id], [status]) VALUES (392, N'tn3-banh-bong-lan-huong-com-cupcake.jpg', 77, 0)
INSERT [dbo].[image] ([image_id], [name], [product_id], [status]) VALUES (393, N'tn4-banh-bong-lan-huong-com-cupcake.jpg', 77, 0)
INSERT [dbo].[image] ([image_id], [name], [product_id], [status]) VALUES (394, N'choco-p-n-dau.jpg', 78, 1)
INSERT [dbo].[image] ([image_id], [name], [product_id], [status]) VALUES (395, N'tn1-choco-p-n-dau.jpg', 78, 0)
INSERT [dbo].[image] ([image_id], [name], [product_id], [status]) VALUES (396, N'tn2-choco-p-n-dau.jpg', 78, 0)
INSERT [dbo].[image] ([image_id], [name], [product_id], [status]) VALUES (397, N'tn3-choco-p-n-dau.jpg', 78, 0)
INSERT [dbo].[image] ([image_id], [name], [product_id], [status]) VALUES (398, N'banh-xop-phu-socola-kitkat.jpg', 79, 1)
INSERT [dbo].[image] ([image_id], [name], [product_id], [status]) VALUES (399, N'tn1-banh-xop-phu-socola-kitkat.jpg', 79, 0)
INSERT [dbo].[image] ([image_id], [name], [product_id], [status]) VALUES (400, N'tn2-banh-xop-phu-socola-kitkat.jpg', 79, 0)
INSERT [dbo].[image] ([image_id], [name], [product_id], [status]) VALUES (401, N'tn3-banh-xop-phu-socola-kitkat.jpg', 79, 0)
INSERT [dbo].[image] ([image_id], [name], [product_id], [status]) VALUES (402, N'banh-vi-ca-cao-choco-pie-dark.jpg', 80, 1)
INSERT [dbo].[image] ([image_id], [name], [product_id], [status]) VALUES (403, N'tn1-banh-vi-ca-cao-choco-pie-dark.jpg', 80, 0)
INSERT [dbo].[image] ([image_id], [name], [product_id], [status]) VALUES (404, N'tn2-banh-vi-ca-cao-choco-pie-dark.jpg', 80, 0)
GO
INSERT [dbo].[image] ([image_id], [name], [product_id], [status]) VALUES (405, N'tn3-banh-vi-ca-cao-choco-pie-dark.jpg', 80, 0)
INSERT [dbo].[image] ([image_id], [name], [product_id], [status]) VALUES (406, N'tn4-banh-vi-ca-cao-choco-pie-dark.jpg', 80, 0)
INSERT [dbo].[image] ([image_id], [name], [product_id], [status]) VALUES (407, N'tn5-banh-vi-ca-cao-choco-pie-dark.jpg', 80, 0)
INSERT [dbo].[image] ([image_id], [name], [product_id], [status]) VALUES (408, N'banh-omeli-chocolate-pie-matcha.jpg', 81, 1)
INSERT [dbo].[image] ([image_id], [name], [product_id], [status]) VALUES (409, N'tn1-banh-omeli-chocolate-pie-matcha.jpg', 81, 0)
INSERT [dbo].[image] ([image_id], [name], [product_id], [status]) VALUES (410, N'tn2-banh-omeli-chocolate-pie-matcha.jpg', 81, 0)
INSERT [dbo].[image] ([image_id], [name], [product_id], [status]) VALUES (411, N'tn3-banh-omeli-chocolate-pie-matcha.jpg', 81, 0)
INSERT [dbo].[image] ([image_id], [name], [product_id], [status]) VALUES (412, N'tn4-banh-omeli-chocolate-pie-matcha.jpg', 81, 0)
INSERT [dbo].[image] ([image_id], [name], [product_id], [status]) VALUES (413, N'tn5-banh-omeli-chocolate-pie-matcha.jpg', 81, 0)
INSERT [dbo].[image] ([image_id], [name], [product_id], [status]) VALUES (414, N'banh-phu-socola-kem-bo-sua-richy-peppie.jpg', 82, 1)
INSERT [dbo].[image] ([image_id], [name], [product_id], [status]) VALUES (415, N'tn1-banh-phu-socola-kem-bo-sua-richy-peppie.jpg', 82, 0)
INSERT [dbo].[image] ([image_id], [name], [product_id], [status]) VALUES (416, N'tn2-banh-phu-socola-kem-bo-sua-richy-peppie.jpg', 82, 0)
INSERT [dbo].[image] ([image_id], [name], [product_id], [status]) VALUES (417, N'tn3-banh-phu-socola-kem-bo-sua-richy-peppie.jpg', 82, 0)
INSERT [dbo].[image] ([image_id], [name], [product_id], [status]) VALUES (418, N'tn4-banh-phu-socola-kem-bo-sua-richy-peppie.jpg', 82, 0)
INSERT [dbo].[image] ([image_id], [name], [product_id], [status]) VALUES (419, N'socola-ferrero-rocher-hop-300g.jpg', 83, 1)
INSERT [dbo].[image] ([image_id], [name], [product_id], [status]) VALUES (420, N'tn1-socola-ferrero-rocher-hop-300g.jpg', 83, 0)
INSERT [dbo].[image] ([image_id], [name], [product_id], [status]) VALUES (421, N'tn2-socola-ferrero-rocher-hop-300g.jpg', 83, 0)
INSERT [dbo].[image] ([image_id], [name], [product_id], [status]) VALUES (422, N'tn3-socola-ferrero-rocher-hop-300g.jpg', 83, 0)
INSERT [dbo].[image] ([image_id], [name], [product_id], [status]) VALUES (423, N'tn4-socola-ferrero-rocher-hop-300g.jpg', 83, 0)
INSERT [dbo].[image] ([image_id], [name], [product_id], [status]) VALUES (424, N'keo-socola-nhan-hanh-nhan-choco-rock.jpg', 84, 1)
INSERT [dbo].[image] ([image_id], [name], [product_id], [status]) VALUES (425, N'tn1-keo-socola-nhan-hanh-nhan-choco-rock.jpg', 84, 0)
INSERT [dbo].[image] ([image_id], [name], [product_id], [status]) VALUES (426, N'tn2-keo-socola-nhan-hanh-nhan-choco-rock.jpg', 84, 0)
INSERT [dbo].[image] ([image_id], [name], [product_id], [status]) VALUES (427, N'tn3-keo-socola-nhan-hanh-nhan-choco-rock.jpg', 84, 0)
INSERT [dbo].[image] ([image_id], [name], [product_id], [status]) VALUES (428, N'tn4-keo-socola-nhan-hanh-nhan-choco-rock.jpg', 84, 0)
INSERT [dbo].[image] ([image_id], [name], [product_id], [status]) VALUES (429, N'keo-socola-snickers.jpg', 85, 1)
INSERT [dbo].[image] ([image_id], [name], [product_id], [status]) VALUES (430, N'tn1-keo-socola-snickers.jpg', 85, 0)
INSERT [dbo].[image] ([image_id], [name], [product_id], [status]) VALUES (431, N'tn2-keo-socola-snickers.jpg', 85, 0)
INSERT [dbo].[image] ([image_id], [name], [product_id], [status]) VALUES (432, N'tn3-keo-socola-snickers.jpg', 85, 0)
INSERT [dbo].[image] ([image_id], [name], [product_id], [status]) VALUES (433, N'tn4-keo-socola-snickers.jpg', 85, 0)
INSERT [dbo].[image] ([image_id], [name], [product_id], [status]) VALUES (434, N'tn5-keo-socola-snickers.jpg', 85, 0)
INSERT [dbo].[image] ([image_id], [name], [product_id], [status]) VALUES (435, N'socola-den-henk-72-ca-cao.jpg', 86, 1)
INSERT [dbo].[image] ([image_id], [name], [product_id], [status]) VALUES (436, N'tn1-socola-den-henk-72-ca-cao.jpg', 86, 0)
INSERT [dbo].[image] ([image_id], [name], [product_id], [status]) VALUES (437, N'tn2-socola-den-henk-72-ca-cao.jpg', 86, 0)
INSERT [dbo].[image] ([image_id], [name], [product_id], [status]) VALUES (438, N'tn3-socola-den-henk-72-ca-cao.jpg', 86, 0)
INSERT [dbo].[image] ([image_id], [name], [product_id], [status]) VALUES (439, N'tn4-socola-den-henk-72-ca-cao.jpg', 86, 0)
INSERT [dbo].[image] ([image_id], [name], [product_id], [status]) VALUES (440, N'keo-socola-nhan-dau-phong-m-ms.jpg', 87, 1)
INSERT [dbo].[image] ([image_id], [name], [product_id], [status]) VALUES (441, N'tn1-keo-socola-nhan-dau-phong-m-ms.jpg', 87, 0)
INSERT [dbo].[image] ([image_id], [name], [product_id], [status]) VALUES (442, N'tn2-keo-socola-nhan-dau-phong-m-ms.jpg', 87, 0)
INSERT [dbo].[image] ([image_id], [name], [product_id], [status]) VALUES (443, N'tn3-keo-socola-nhan-dau-phong-m-ms.jpg', 87, 0)
INSERT [dbo].[image] ([image_id], [name], [product_id], [status]) VALUES (444, N'tn4-keo-socola-nhan-dau-phong-m-ms.jpg', 87, 0)
INSERT [dbo].[image] ([image_id], [name], [product_id], [status]) VALUES (445, N'banh-que-arnotts-cham-kem-socola.jpg', 88, 1)
INSERT [dbo].[image] ([image_id], [name], [product_id], [status]) VALUES (446, N'tn1-banh-que-arnotts-cham-kem-socola.jpg', 88, 0)
INSERT [dbo].[image] ([image_id], [name], [product_id], [status]) VALUES (447, N'tn2-banh-que-arnotts-cham-kem-socolajpg.jpg', 88, 0)
INSERT [dbo].[image] ([image_id], [name], [product_id], [status]) VALUES (448, N'tn3-banh-que-arnotts-cham-kem-socolajpg.jpg', 88, 0)
INSERT [dbo].[image] ([image_id], [name], [product_id], [status]) VALUES (449, N'tn4-banh-que-arnotts-cham-kem-socolajpg.jpg', 88, 0)
INSERT [dbo].[image] ([image_id], [name], [product_id], [status]) VALUES (450, N'tn5-banh-que-arnotts-cham-kem-socolajpg.jpg', 88, 0)
INSERT [dbo].[image] ([image_id], [name], [product_id], [status]) VALUES (451, N'banh-que-glico-pejoy-tra-xanh-matcha.jpg', 89, 1)
INSERT [dbo].[image] ([image_id], [name], [product_id], [status]) VALUES (452, N'tn1-banh-que-glico-pejoy-tra-xanh-matcha.jpg', 89, 0)
INSERT [dbo].[image] ([image_id], [name], [product_id], [status]) VALUES (453, N'tn2-banh-que-glico-pejoy-tra-xanh-matcha.jpg', 89, 0)
INSERT [dbo].[image] ([image_id], [name], [product_id], [status]) VALUES (454, N'tn3-banh-que-glico-pejoy-tra-xanh-matcha.jpg', 89, 0)
INSERT [dbo].[image] ([image_id], [name], [product_id], [status]) VALUES (455, N'tn4-banh-que-glico-pejoy-tra-xanh-matcha.jpg', 89, 0)
INSERT [dbo].[image] ([image_id], [name], [product_id], [status]) VALUES (456, N'banh-que-glico-pocky-cookies-cream.jpg', 90, 1)
INSERT [dbo].[image] ([image_id], [name], [product_id], [status]) VALUES (457, N'tn1-banh-que-glico-pocky-cookies-cream.jpg', 90, 0)
INSERT [dbo].[image] ([image_id], [name], [product_id], [status]) VALUES (458, N'tn2-banh-que-glico-pocky-cookies-cream.jpg', 90, 0)
INSERT [dbo].[image] ([image_id], [name], [product_id], [status]) VALUES (459, N'tn3-banh-que-glico-pocky-cookies-cream.jpg', 90, 0)
INSERT [dbo].[image] ([image_id], [name], [product_id], [status]) VALUES (460, N'tn4-banh-que-glico-pocky-cookies-cream.jpg', 90, 0)
INSERT [dbo].[image] ([image_id], [name], [product_id], [status]) VALUES (461, N'banh-que-mix-vi-ot-cay.jpg', 91, 1)
INSERT [dbo].[image] ([image_id], [name], [product_id], [status]) VALUES (462, N'tn1-banh-que-mix-vi-ot-cay.jpg', 91, 0)
INSERT [dbo].[image] ([image_id], [name], [product_id], [status]) VALUES (463, N'tn2-banh-que-mix-vi-ot-cay.jpg', 91, 0)
INSERT [dbo].[image] ([image_id], [name], [product_id], [status]) VALUES (464, N'tn3-banh-que-mix-vi-ot-cay.jpg', 91, 0)
INSERT [dbo].[image] ([image_id], [name], [product_id], [status]) VALUES (465, N'tn4-banh-que-mix-vi-ot-cay.jpg', 91, 0)
INSERT [dbo].[image] ([image_id], [name], [product_id], [status]) VALUES (466, N'banh-que-chicky-stick.jpg', 92, 1)
INSERT [dbo].[image] ([image_id], [name], [product_id], [status]) VALUES (467, N'tn1-banh-que-chicky-stick.jpg', 92, 0)
INSERT [dbo].[image] ([image_id], [name], [product_id], [status]) VALUES (468, N'tn2-banh-que-chicky-stick.jpg', 92, 0)
INSERT [dbo].[image] ([image_id], [name], [product_id], [status]) VALUES (469, N'tn3-banh-que-chicky-stick.jpg', 92, 0)
INSERT [dbo].[image] ([image_id], [name], [product_id], [status]) VALUES (470, N'tn4-banh-que-chicky-stick.jpg', 92, 0)
INSERT [dbo].[image] ([image_id], [name], [product_id], [status]) VALUES (471, N'banh-que-vi-pho-mai-wasuka-cigarku.jpg', 93, 1)
INSERT [dbo].[image] ([image_id], [name], [product_id], [status]) VALUES (472, N'tn1-banh-que-vi-pho-mai-wasuka-cigarku.jpg', 93, 0)
INSERT [dbo].[image] ([image_id], [name], [product_id], [status]) VALUES (473, N'tn2-banh-que-vi-pho-mai-wasuka-cigarku.jpg', 93, 0)
INSERT [dbo].[image] ([image_id], [name], [product_id], [status]) VALUES (474, N'tn3-banh-que-vi-pho-mai-wasuka-cigarku.jpg', 93, 0)
INSERT [dbo].[image] ([image_id], [name], [product_id], [status]) VALUES (475, N'tn4-banh-que-vi-pho-mai-wasuka-cigarku.jpg', 93, 0)
INSERT [dbo].[image] ([image_id], [name], [product_id], [status]) VALUES (476, N'banh-que-nhan-kem-vani-stikko-fingers-vanilla-arnotts.jpg', 94, 1)
INSERT [dbo].[image] ([image_id], [name], [product_id], [status]) VALUES (477, N'tn1-banh-que-nhan-kem-vani-stikko-fingers-vanilla-arnotts.jpg', 94, 0)
INSERT [dbo].[image] ([image_id], [name], [product_id], [status]) VALUES (478, N'tn2-banh-que-nhan-kem-vani-stikko-fingers-vanilla-arnotts.jpg', 94, 0)
INSERT [dbo].[image] ([image_id], [name], [product_id], [status]) VALUES (479, N'tn3-banh-que-nhan-kem-vani-stikko-fingers-vanilla-arnotts.jpg', 94, 0)
INSERT [dbo].[image] ([image_id], [name], [product_id], [status]) VALUES (480, N'tn4-banh-que-nhan-kem-vani-stikko-fingers-vanilla-arnotts.jpg', 94, 0)
INSERT [dbo].[image] ([image_id], [name], [product_id], [status]) VALUES (481, N'tn5-banh-que-nhan-kem-vani-stikko-fingers-vanilla-arnotts.jpg', 94, 0)
INSERT [dbo].[image] ([image_id], [name], [product_id], [status]) VALUES (482, N'banh-que-nhan-kem-socola-stikko-fingers-chocolate-arnotts.jpg', 95, 1)
INSERT [dbo].[image] ([image_id], [name], [product_id], [status]) VALUES (483, N'tn1-banh-que-nhan-kem-socola-stikko-fingers-chocolate-arnotts.jpg', 95, 0)
INSERT [dbo].[image] ([image_id], [name], [product_id], [status]) VALUES (484, N'tn2-banh-que-nhan-kem-socola-stikko-fingers-chocolate-arnotts.jpg', 95, 0)
INSERT [dbo].[image] ([image_id], [name], [product_id], [status]) VALUES (485, N'tn3-banh-que-nhan-kem-socola-stikko-fingers-chocolate-arnotts.jpg', 95, 0)
INSERT [dbo].[image] ([image_id], [name], [product_id], [status]) VALUES (486, N'tn4-banh-que-nhan-kem-socola-stikko-fingers-chocolate-arnotts.jpg', 95, 0)
INSERT [dbo].[image] ([image_id], [name], [product_id], [status]) VALUES (487, N'tn5-banh-que-nhan-kem-socola-stikko-fingers-chocolate-arnotts.jpg', 95, 0)
INSERT [dbo].[image] ([image_id], [name], [product_id], [status]) VALUES (488, N'tn6-banh-que-nhan-kem-socola-stikko-fingers-chocolate-arnotts.jpg', 95, 0)
INSERT [dbo].[image] ([image_id], [name], [product_id], [status]) VALUES (489, N'banh-que-vi-kem-so-co-la-cosy.jpg', 96, 1)
INSERT [dbo].[image] ([image_id], [name], [product_id], [status]) VALUES (490, N'tn1-banh-que-vi-kem-so-co-la-cosy.jpg', 96, 0)
INSERT [dbo].[image] ([image_id], [name], [product_id], [status]) VALUES (491, N'tn2-banh-que-vi-kem-so-co-la-cosy.jpg', 96, 0)
INSERT [dbo].[image] ([image_id], [name], [product_id], [status]) VALUES (492, N'tn3-banh-que-vi-kem-so-co-la-cosy.jpg', 96, 0)
INSERT [dbo].[image] ([image_id], [name], [product_id], [status]) VALUES (493, N'tn4-banh-que-vi-kem-so-co-la-cosy.jpg', 96, 0)
INSERT [dbo].[image] ([image_id], [name], [product_id], [status]) VALUES (494, N'tn5-banh-que-vi-kem-so-co-la-cosy.jpg', 96, 0)
INSERT [dbo].[image] ([image_id], [name], [product_id], [status]) VALUES (495, N'banh-que-oreo-vani.jpg', 97, 1)
INSERT [dbo].[image] ([image_id], [name], [product_id], [status]) VALUES (496, N'tn1-banh-que-oreo-vani.jpg', 97, 0)
INSERT [dbo].[image] ([image_id], [name], [product_id], [status]) VALUES (497, N'tn2-banh-que-oreo-vani.jpg', 97, 0)
INSERT [dbo].[image] ([image_id], [name], [product_id], [status]) VALUES (498, N'tn3-banh-que-oreo-vani.jpg', 97, 0)
INSERT [dbo].[image] ([image_id], [name], [product_id], [status]) VALUES (499, N'trai-cay-say-rop-rop.jpg', 98, 1)
INSERT [dbo].[image] ([image_id], [name], [product_id], [status]) VALUES (500, N'tn1-trai-cay-say-rop-rop.jpg', 98, 0)
INSERT [dbo].[image] ([image_id], [name], [product_id], [status]) VALUES (501, N'tn2-trai-cay-say-rop-rop.jpg', 98, 0)
INSERT [dbo].[image] ([image_id], [name], [product_id], [status]) VALUES (502, N'tn3-trai-cay-say-rop-rop.jpg', 98, 0)
INSERT [dbo].[image] ([image_id], [name], [product_id], [status]) VALUES (503, N'tn4-trai-cay-say-rop-rop.jpg', 98, 0)
INSERT [dbo].[image] ([image_id], [name], [product_id], [status]) VALUES (504, N'tn5-trai-cay-say-rop-rop.jpg', 98, 0)
GO
INSERT [dbo].[image] ([image_id], [name], [product_id], [status]) VALUES (505, N'chuoi-say-rop-rop.jpg', 99, 1)
INSERT [dbo].[image] ([image_id], [name], [product_id], [status]) VALUES (506, N'tn1-chuoi-say-rop-rop.jpg', 99, 0)
INSERT [dbo].[image] ([image_id], [name], [product_id], [status]) VALUES (507, N'tn2-chuoi-say-rop-rop.jpg', 99, 0)
INSERT [dbo].[image] ([image_id], [name], [product_id], [status]) VALUES (508, N'tn3-chuoi-say-rop-rop.jpg', 99, 0)
INSERT [dbo].[image] ([image_id], [name], [product_id], [status]) VALUES (509, N'tn4-chuoi-say-rop-rop.jpg', 99, 0)
INSERT [dbo].[image] ([image_id], [name], [product_id], [status]) VALUES (510, N'cha-la-say-bakalland.jpg', 100, 1)
INSERT [dbo].[image] ([image_id], [name], [product_id], [status]) VALUES (511, N'tn1-cha-la-say-bakalland.jpg', 100, 0)
INSERT [dbo].[image] ([image_id], [name], [product_id], [status]) VALUES (512, N'tn2-cha-la-say-bakalland.jpg', 100, 0)
INSERT [dbo].[image] ([image_id], [name], [product_id], [status]) VALUES (513, N'tn3-cha-la-say-bakalland.jpg', 100, 0)
INSERT [dbo].[image] ([image_id], [name], [product_id], [status]) VALUES (514, N'tn4-cha-la-say-bakalland.jpg', 100, 0)
INSERT [dbo].[image] ([image_id], [name], [product_id], [status]) VALUES (515, N'tn5-cha-la-say-bakalland.jpg', 100, 0)
INSERT [dbo].[image] ([image_id], [name], [product_id], [status]) VALUES (516, N'tn6-cha-la-say-bakalland.jpg', 100, 0)
INSERT [dbo].[image] ([image_id], [name], [product_id], [status]) VALUES (517, N'man-say-bakalland.jpg', 101, 1)
INSERT [dbo].[image] ([image_id], [name], [product_id], [status]) VALUES (518, N'tn1-man-say-bakalland.jpg', 101, 0)
INSERT [dbo].[image] ([image_id], [name], [product_id], [status]) VALUES (519, N'tn2-man-say-bakalland.jpg', 101, 0)
INSERT [dbo].[image] ([image_id], [name], [product_id], [status]) VALUES (520, N'tn3-man-say-bakalland.jpg', 101, 0)
INSERT [dbo].[image] ([image_id], [name], [product_id], [status]) VALUES (521, N'tn4-man-say-bakalland.jpg', 101, 0)
INSERT [dbo].[image] ([image_id], [name], [product_id], [status]) VALUES (522, N'tn5-man-say-bakalland.jpg', 101, 0)
INSERT [dbo].[image] ([image_id], [name], [product_id], [status]) VALUES (523, N'tn6-man-say-bakalland.jpg', 101, 0)
INSERT [dbo].[image] ([image_id], [name], [product_id], [status]) VALUES (524, N'sau-rieng-say-lanh-vinamit.jpg', 102, 1)
INSERT [dbo].[image] ([image_id], [name], [product_id], [status]) VALUES (525, N'tn1-sau-rieng-say-lanh-vinamit.jpg', 102, 0)
INSERT [dbo].[image] ([image_id], [name], [product_id], [status]) VALUES (526, N'tn2-sau-rieng-say-lanh-vinamit.jpg', 102, 0)
INSERT [dbo].[image] ([image_id], [name], [product_id], [status]) VALUES (527, N'tn3-sau-rieng-say-lanh-vinamit.jpg', 102, 0)
INSERT [dbo].[image] ([image_id], [name], [product_id], [status]) VALUES (528, N'dau-phong-toi-ot-tai-tai.jpg', 103, 1)
INSERT [dbo].[image] ([image_id], [name], [product_id], [status]) VALUES (529, N'tn1-dau-phong-toi-ot-tai-tai.jpg', 103, 0)
INSERT [dbo].[image] ([image_id], [name], [product_id], [status]) VALUES (530, N'tn2-dau-phong-toi-ot-tai-tai.jpg', 103, 0)
INSERT [dbo].[image] ([image_id], [name], [product_id], [status]) VALUES (531, N'tn3-dau-phong-toi-ot-tai-tai.jpg', 103, 0)
INSERT [dbo].[image] ([image_id], [name], [product_id], [status]) VALUES (532, N'tn4-dau-phong-toi-ot-tai-tai.jpg', 103, 0)
INSERT [dbo].[image] ([image_id], [name], [product_id], [status]) VALUES (533, N'tn5-dau-phong-toi-ot-tai-tai.jpg', 103, 0)
INSERT [dbo].[image] ([image_id], [name], [product_id], [status]) VALUES (534, N'hat-huong-duong-toan-phat.jpg', 104, 1)
INSERT [dbo].[image] ([image_id], [name], [product_id], [status]) VALUES (535, N'tn1-hat-huong-duong-toan-phat.jpg', 104, 0)
INSERT [dbo].[image] ([image_id], [name], [product_id], [status]) VALUES (536, N'tn2-hat-huong-duong-toan-phat.jpg', 104, 0)
INSERT [dbo].[image] ([image_id], [name], [product_id], [status]) VALUES (537, N'tn3-hat-huong-duong-toan-phat.jpg', 104, 0)
INSERT [dbo].[image] ([image_id], [name], [product_id], [status]) VALUES (538, N'tn4-hat-huong-duong-toan-phat.jpg', 104, 0)
INSERT [dbo].[image] ([image_id], [name], [product_id], [status]) VALUES (539, N'hat-bi-rang-toan-phat.jpg', 105, 1)
INSERT [dbo].[image] ([image_id], [name], [product_id], [status]) VALUES (540, N'tn1-hat-bi-rang-toan-phat.jpg', 105, 0)
INSERT [dbo].[image] ([image_id], [name], [product_id], [status]) VALUES (541, N'tn2-hat-bi-rang-toan-phat.jpg', 105, 0)
INSERT [dbo].[image] ([image_id], [name], [product_id], [status]) VALUES (542, N'tn3-hat-bi-rang-toan-phat.jpg', 105, 0)
INSERT [dbo].[image] ([image_id], [name], [product_id], [status]) VALUES (543, N'tn4-hat-bi-rang-toan-phat.jpg', 105, 0)
INSERT [dbo].[image] ([image_id], [name], [product_id], [status]) VALUES (544, N'hat-dua-rang-toan-phat.jpg', 106, 1)
INSERT [dbo].[image] ([image_id], [name], [product_id], [status]) VALUES (545, N'tn1-hat-dua-rang-toan-phat.jpg', 106, 0)
INSERT [dbo].[image] ([image_id], [name], [product_id], [status]) VALUES (546, N'tn2-hat-dua-rang-toan-phat.jpg', 106, 0)
INSERT [dbo].[image] ([image_id], [name], [product_id], [status]) VALUES (547, N'tn3-hat-dua-rang-toan-phat.jpg', 106, 0)
INSERT [dbo].[image] ([image_id], [name], [product_id], [status]) VALUES (548, N'tn4-hat-dua-rang-toan-phat.jpg', 106, 0)
INSERT [dbo].[image] ([image_id], [name], [product_id], [status]) VALUES (549, N'hat-oc-cho-ohla.jpg', 107, 1)
INSERT [dbo].[image] ([image_id], [name], [product_id], [status]) VALUES (550, N'tn1-hat-oc-cho-ohla.jpg', 107, 0)
INSERT [dbo].[image] ([image_id], [name], [product_id], [status]) VALUES (551, N'tn2-hat-oc-cho-ohla.jpg', 107, 0)
INSERT [dbo].[image] ([image_id], [name], [product_id], [status]) VALUES (552, N'tn3-hat-oc-cho-ohla.jpg', 107, 0)
INSERT [dbo].[image] ([image_id], [name], [product_id], [status]) VALUES (553, N'tn4-hat-oc-cho-ohla.jpg', 107, 0)
INSERT [dbo].[image] ([image_id], [name], [product_id], [status]) VALUES (554, N'tn5-hat-oc-cho-ohla.jpg', 107, 0)
INSERT [dbo].[image] ([image_id], [name], [product_id], [status]) VALUES (555, N'tn6-hat-oc-cho-ohla.jpg', 107, 0)
INSERT [dbo].[image] ([image_id], [name], [product_id], [status]) VALUES (556, N'kho-heo-vi-chay-toi-g-kitchen.jpg', 108, 1)
INSERT [dbo].[image] ([image_id], [name], [product_id], [status]) VALUES (557, N'tn1-kho-heo-vi-chay-toi-g-kitchen.jpg', 108, 0)
INSERT [dbo].[image] ([image_id], [name], [product_id], [status]) VALUES (558, N'tn2-kho-heo-vi-chay-toi-g-kitchen.jpg', 108, 0)
INSERT [dbo].[image] ([image_id], [name], [product_id], [status]) VALUES (559, N'tn3-kho-heo-vi-chay-toi-g-kitchen.jpg', 108, 0)
INSERT [dbo].[image] ([image_id], [name], [product_id], [status]) VALUES (560, N'tn4-kho-heo-vi-chay-toi-g-kitchen.jpg', 108, 0)
INSERT [dbo].[image] ([image_id], [name], [product_id], [status]) VALUES (561, N'thit-bo-kho-tuyen-ky.jpg', 109, 1)
INSERT [dbo].[image] ([image_id], [name], [product_id], [status]) VALUES (562, N'tn1-thit-bo-kho-tuyen-ky.jpg', 109, 0)
INSERT [dbo].[image] ([image_id], [name], [product_id], [status]) VALUES (563, N'tn2-thit-bo-kho-tuyen-ky.jpg', 109, 0)
INSERT [dbo].[image] ([image_id], [name], [product_id], [status]) VALUES (564, N'tn3-thit-bo-kho-tuyen-ky.jpg', 109, 0)
INSERT [dbo].[image] ([image_id], [name], [product_id], [status]) VALUES (565, N'tn4-thit-bo-kho-tuyen-ky.jpg', 109, 0)
INSERT [dbo].[image] ([image_id], [name], [product_id], [status]) VALUES (566, N'tn5-thit-bo-kho-tuyen-ky.jpg', 109, 0)
INSERT [dbo].[image] ([image_id], [name], [product_id], [status]) VALUES (567, N'tom-tam-sot-thanh-viet.jpg', 110, 1)
INSERT [dbo].[image] ([image_id], [name], [product_id], [status]) VALUES (568, N'tn1-tom-tam-sot-thanh-viet.jpg', 110, 0)
INSERT [dbo].[image] ([image_id], [name], [product_id], [status]) VALUES (569, N'tn2-tom-tam-sot-thanh-viet.jpg', 110, 0)
INSERT [dbo].[image] ([image_id], [name], [product_id], [status]) VALUES (570, N'tn3-tom-tam-sot-thanh-viet.jpg', 110, 0)
INSERT [dbo].[image] ([image_id], [name], [product_id], [status]) VALUES (571, N'tn4-tom-tam-sot-thanh-viet.jpg', 110, 0)
INSERT [dbo].[image] ([image_id], [name], [product_id], [status]) VALUES (572, N'cha-bong-heo-dac-biet-huong-viet.jpg', 111, 1)
INSERT [dbo].[image] ([image_id], [name], [product_id], [status]) VALUES (573, N'tn1-cha-bong-heo-dac-biet-huong-viet.jpg', 111, 0)
INSERT [dbo].[image] ([image_id], [name], [product_id], [status]) VALUES (574, N'tn2-cha-bong-heo-dac-biet-huong-viet.jpg', 111, 0)
INSERT [dbo].[image] ([image_id], [name], [product_id], [status]) VALUES (575, N'tn3-cha-bong-heo-dac-biet-huong-viet.jpg', 111, 0)
INSERT [dbo].[image] ([image_id], [name], [product_id], [status]) VALUES (576, N'tn4-cha-bong-heo-dac-biet-huong-viet.jpg', 111, 0)
INSERT [dbo].[image] ([image_id], [name], [product_id], [status]) VALUES (577, N'kho-ga-say-la-chanh.jpg', 112, 1)
INSERT [dbo].[image] ([image_id], [name], [product_id], [status]) VALUES (578, N'tn1-kho-ga-say-la-chanh.jpg', 112, 0)
INSERT [dbo].[image] ([image_id], [name], [product_id], [status]) VALUES (579, N'tn2-kho-ga-say-la-chanh.jpg', 112, 0)
INSERT [dbo].[image] ([image_id], [name], [product_id], [status]) VALUES (580, N'tn3-kho-ga-say-la-chanh.jpg', 112, 0)
SET IDENTITY_INSERT [dbo].[image] OFF
SET IDENTITY_INSERT [dbo].[product] ON 

INSERT [dbo].[product] ([product_id], [name], [price], [ingredient], [priority], [date_start], [date_end], [created_at], [updated_at], [category_id], [supplier_id], [user_id], [percent_item], [quantity], [status]) VALUES (1, N'Snack bắp Green 36g', 3500, N' Bột bắp 58.9%, dầu thực vật, bột gia vị thịt nướng, bột kem béo thực vật, bột tiêu đen, đạm thực vật thuỷ phân, chất điều vị, hương bò nhân tạo, màu tự nhiên,...', 1, CAST(N'2021-03-01 00:00:00.000' AS DateTime), CAST(N'2021-07-01 00:00:00.000' AS DateTime), CAST(N'2021-02-01 00:00:00.000' AS DateTime), CAST(N'2021-02-01 00:00:00.000' AS DateTime), 1, 1, 1, 10, 1, 1)
INSERT [dbo].[product] ([product_id], [name], [price], [ingredient], [priority], [date_start], [date_end], [created_at], [updated_at], [category_id], [supplier_id], [user_id], [percent_item], [quantity], [status]) VALUES (2, N'Snack khoai tây BBQ', 8500, N'Khoai tây 60%, dầu thực vật, bột gia vị thịt nướng, bột kem béo thực vật, bột tiêu đen, đạm thực vật thuỷ phân, bột gà, hương tỏi giống tự nhiên, muối,.', 1, CAST(N'2020-03-01 00:00:00.000' AS DateTime), CAST(N'2021-06-01 00:00:00.000' AS DateTime), CAST(N'2021-03-01 00:00:00.000' AS DateTime), CAST(N'2021-03-01 00:00:00.000' AS DateTime), 1, 1, 1, 20, 1, 0)
INSERT [dbo].[product] ([product_id], [name], [price], [ingredient], [priority], [date_start], [date_end], [created_at], [updated_at], [category_id], [supplier_id], [user_id], [percent_item], [quantity], [status]) VALUES (3, N'Rong biển giòn Ofood', 20000, N'Dầu ngô, rong biển Hàn Quốc (27,2%), đường, vừng, dầu mè, muối gia vị (3,4%), chiết xuất hương thảo (E392)', 1, CAST(N'2020-03-01 00:00:00.000' AS DateTime), CAST(N'2021-07-01 00:00:00.000' AS DateTime), CAST(N'2021-03-01 00:00:00.000' AS DateTime), CAST(N'2021-03-01 00:00:00.000' AS DateTime), 2, 2, 2, 5, 1, 0)
INSERT [dbo].[product] ([product_id], [name], [price], [ingredient], [priority], [date_start], [date_end], [created_at], [updated_at], [category_id], [supplier_id], [user_id], [percent_item], [quantity], [status]) VALUES (4, N'Bánh quy bơ Danish', 19000, N'Bột mì, đường, dầu thực vật (dầu cọ), bơ, trứng, sữa bột nguyên kem, hương liệu, raising agent (sodium bicarbonate)', 1, CAST(N'2021-03-01 00:00:00.000' AS DateTime), CAST(N'2022-10-01 00:00:00.000' AS DateTime), CAST(N'2021-03-04 00:00:00.000' AS DateTime), CAST(N'2021-03-04 00:00:00.000' AS DateTime), 3, 1, 3, 10, 1, 1)
INSERT [dbo].[product] ([product_id], [name], [price], [ingredient], [priority], [date_start], [date_end], [created_at], [updated_at], [category_id], [supplier_id], [user_id], [percent_item], [quantity], [status]) VALUES (5, N'Bánh quy giòn vị cay Nissin', 15000, N'Bột mì, chất béo thực vật, đường, phô mai, bột sữa, muối, chất tạo xốp, chất nhũ hoá lecithin, màu thực phẩm, chất điều vị, ớt (0.03%), bột phô mai tổng hợp', 1, CAST(N'2021-03-01 00:00:00.000' AS DateTime), CAST(N'2021-08-01 00:00:00.000' AS DateTime), CAST(N'2021-02-01 00:00:00.000' AS DateTime), CAST(N'2021-02-01 00:00:00.000' AS DateTime), 3, 1, 3, 10, 1, 1)
INSERT [dbo].[product] ([product_id], [name], [price], [ingredient], [priority], [date_start], [date_end], [created_at], [updated_at], [category_id], [supplier_id], [user_id], [percent_item], [quantity], [status]) VALUES (6, N'Bánh trứng Tipo', 29000, N'Trứng, bột mì, đường, shortening, sữa bột, nước, chất nhũ hoa, muối, chất tạo xốp', 1, CAST(N'2020-01-01 00:00:00.000' AS DateTime), CAST(N'2021-07-01 00:00:00.000' AS DateTime), CAST(N'2021-03-05 00:00:00.000' AS DateTime), CAST(N'2021-03-05 00:00:00.000' AS DateTime), 4, 1, 4, 20, 1, 0)
INSERT [dbo].[product] ([product_id], [name], [price], [ingredient], [priority], [date_start], [date_end], [created_at], [updated_at], [category_id], [supplier_id], [user_id], [percent_item], [quantity], [status]) VALUES (7, N'Bánh quy bơ Fiano', 17000, N'Bột mì, đường tinh luyện, bơ 2.5%, trứng gà, sữa bột nguyên kem, mạch nha, muối, chất nhũ hoá, Lecithin, chất tạo xốp, amoni hydro carbonat, hương thực phẩm tổng hợp, màu thực phẩm beta-caroten tổng hợp', 1, CAST(N'2020-03-01 00:00:00.000' AS DateTime), CAST(N'2021-08-01 00:00:00.000' AS DateTime), CAST(N'2021-03-06 00:00:00.000' AS DateTime), CAST(N'2021-03-06 00:00:00.000' AS DateTime), 4, 1, 4, 5, 1, 1)
INSERT [dbo].[product] ([product_id], [name], [price], [ingredient], [priority], [date_start], [date_end], [created_at], [updated_at], [category_id], [supplier_id], [user_id], [percent_item], [quantity], [status]) VALUES (8, N'Cơm sấy chà bông cá ', 65000, N'Gạo Jasmine 78%, cá 12%, gia vị 5%, trứng 4%,...', 1, CAST(N'2021-03-04 00:00:00.000' AS DateTime), CAST(N'2022-05-04 00:00:00.000' AS DateTime), CAST(N'2021-03-10 00:00:00.000' AS DateTime), CAST(N'2021-03-10 00:00:00.000' AS DateTime), 16, 1, 2, 30, 1, 1)
INSERT [dbo].[product] ([product_id], [name], [price], [ingredient], [priority], [date_start], [date_end], [created_at], [updated_at], [category_id], [supplier_id], [user_id], [percent_item], [quantity], [status]) VALUES (9, N'Kẹo gum không đường Lotte Xylitol', 58500, N'Chất tạo ngọt Xylitol 39%, Maltitol, Aspartam; Cốt gôm; Hương bạc hà giống tự nhiên và tổng hợp; Chất làm dày (414), Chất làm rắn (341ii); Chất làm bóng (903,901,904); Màu thực phẩm tổng hợp (133)', 1, CAST(N'2021-02-02 00:00:00.000' AS DateTime), CAST(N'2022-02-02 00:00:00.000' AS DateTime), CAST(N'2021-02-01 00:00:00.000' AS DateTime), CAST(N'2021-02-01 00:00:00.000' AS DateTime), 5, 1, 1, 10, 1, 0)
INSERT [dbo].[product] ([product_id], [name], [price], [ingredient], [priority], [date_start], [date_end], [created_at], [updated_at], [category_id], [supplier_id], [user_id], [percent_item], [quantity], [status]) VALUES (10, N'Kẹo sing-gum không đường Wrigley Tempest', 25000, N'Chất tạo ngọt tổng hợp (siro sorbitol 420(ii), sorbitol 420(i), manitol 421, xylitol 967, aspartame 951, acesulfame 950), chất gum nền, chất làm ẩm (glycerol 422)', 1, CAST(N'2020-01-01 00:00:00.000' AS DateTime), CAST(N'2021-02-19 00:00:00.000' AS DateTime), CAST(N'2021-02-10 00:00:00.000' AS DateTime), CAST(N'2021-02-10 00:00:00.000' AS DateTime), 5, 2, 5, 20, 1, 1)
INSERT [dbo].[product] ([product_id], [name], [price], [ingredient], [priority], [date_start], [date_end], [created_at], [updated_at], [category_id], [supplier_id], [user_id], [percent_item], [quantity], [status]) VALUES (11, N'Kẹo nhai socola hương bạc hà Dynamite Chews gói 1kg', 107000, N'Đường, mạch nha, bột cacao (6.5%), chất béo thực vật, bột malt, chất giữ ẩm (420ii), bột sữa, chất làm dày (414).', 1, CAST(N'2020-06-05 00:00:00.000' AS DateTime), CAST(N'2021-06-05 00:00:00.000' AS DateTime), CAST(N'2021-03-07 00:00:00.000' AS DateTime), CAST(N'2021-03-07 00:00:00.000' AS DateTime), 6, 1, 5, 30, 1, 0)
INSERT [dbo].[product] ([product_id], [name], [price], [ingredient], [priority], [date_start], [date_end], [created_at], [updated_at], [category_id], [supplier_id], [user_id], [percent_item], [quantity], [status]) VALUES (12, N'Kẹo vị mâm xôi và đào Cavendish & Harvey', 58000, N'Si-rô glucose, đường, axit citric (E330), nước ép trái cây cô đặc 1% (mâm xôi, đào), màu tự nhiên được chiết xuất từ cà rốt vàng, củ cải đường, hương liệu tự nhiên.', 1, CAST(N'2021-03-04 00:00:00.000' AS DateTime), CAST(N'2022-03-04 00:00:00.000' AS DateTime), CAST(N'2021-03-04 00:00:00.000' AS DateTime), CAST(N'2021-03-04 00:00:00.000' AS DateTime), 6, 2, 3, 55, 1, 1)
INSERT [dbo].[product] ([product_id], [name], [price], [ingredient], [priority], [date_start], [date_end], [created_at], [updated_at], [category_id], [supplier_id], [user_id], [percent_item], [quantity], [status]) VALUES (13, N'Bánh gạo rong biển Want Want', 23500, N'Gạo 72%, tinh bột khoai tây, tinh bột bắp, dầu cọ, đường, nước tương (nước, đậu tương lúa mì, muối), chiết xuất từ cá ngừ, bột chiết xuất men, muối, chất điều vị, chất điều chỉnh axit', 1, CAST(N'2021-03-01 00:00:00.000' AS DateTime), CAST(N'2021-08-06 00:00:00.000' AS DateTime), CAST(N'2021-02-01 00:00:00.000' AS DateTime), CAST(N'2021-02-01 00:00:00.000' AS DateTime), 7, 2, 3, 10, 1, 1)
INSERT [dbo].[product] ([product_id], [name], [price], [ingredient], [priority], [date_start], [date_end], [created_at], [updated_at], [category_id], [supplier_id], [user_id], [percent_item], [quantity], [status]) VALUES (14, N'Bánh gạo mật ong Fiano', 15000, N'Gạo 45%, dầu thực vật, đường, mật ong 5.5%, nước tương, muối, chất chống oxy hoá, chất điều vị, màu tự nhiên, hương mật ong tổng hợp', 1, CAST(N'2021-03-01 00:00:00.000' AS DateTime), CAST(N'2021-06-07 00:00:00.000' AS DateTime), CAST(N'2021-03-03 00:00:00.000' AS DateTime), CAST(N'2021-03-03 00:00:00.000' AS DateTime), 7, 1, 4, 20, 1, 1)
INSERT [dbo].[product] ([product_id], [name], [price], [ingredient], [priority], [date_start], [date_end], [created_at], [updated_at], [category_id], [supplier_id], [user_id], [percent_item], [quantity], [status]) VALUES (15, N'Bánh xốp cuộn ca cao Bahlsen Waffle Minis ', 53000, N' Bột mì, đường, chất béo thực vật (cọ), bột ca cao giảm béo 5,1%, sữa bột tách kem, bột lòng đỏ trứng gà, sản phẩm whey, muối, sữa bột nguyên kem, chất tạo xốp, gia vị, hương ca cao tổng hợp', 1, CAST(N'2021-03-05 00:00:00.000' AS DateTime), CAST(N'2021-05-05 00:00:00.000' AS DateTime), CAST(N'2021-03-01 00:00:00.000' AS DateTime), CAST(N'2021-03-01 00:00:00.000' AS DateTime), 8, 2, 5, 50, 1, 0)
INSERT [dbo].[product] ([product_id], [name], [price], [ingredient], [priority], [date_start], [date_end], [created_at], [updated_at], [category_id], [supplier_id], [user_id], [percent_item], [quantity], [status]) VALUES (16, N'Bánh xốp nhân phô mai Nabati', 26500, N' Đường, bột mì, chất béo thực vật, maltodextrin, bột phô mai 5,76%, bột whey, bột sữa, tinh bột bắp, bột lòng đỏ trứng, chất nhũ hóa E322 (i), dầu thực vật, muối,vitamin (A, B1, B2, B6, B12)', 1, CAST(N'2021-03-01 00:00:00.000' AS DateTime), CAST(N'2021-11-01 00:00:00.000' AS DateTime), CAST(N'2021-02-01 00:00:00.000' AS DateTime), CAST(N'2021-02-01 00:00:00.000' AS DateTime), 8, 1, 1, 10, 1, 0)
INSERT [dbo].[product] ([product_id], [name], [price], [ingredient], [priority], [date_start], [date_end], [created_at], [updated_at], [category_id], [supplier_id], [user_id], [percent_item], [quantity], [status]) VALUES (17, N'Bánh kem phô mai dâu Custas ', 63500, N'Bột mì, đường, trứng, dầu thực vật, chất béo thực vật hydro hoá hoàn toàn, chất giữ ẩm, mứt trái cây hỗn hợp, cồn thực phẩm, bột kem sữa, bột phô mai, muối i-ốt, hương tổng hợp,...', 1, CAST(N'2021-03-03 00:00:00.000' AS DateTime), CAST(N'2021-08-03 00:00:00.000' AS DateTime), CAST(N'2021-02-11 00:00:00.000' AS DateTime), CAST(N'2021-02-11 00:00:00.000' AS DateTime), 9, 1, 2, 20, 11, 0)
INSERT [dbo].[product] ([product_id], [name], [price], [ingredient], [priority], [date_start], [date_end], [created_at], [updated_at], [category_id], [supplier_id], [user_id], [percent_item], [quantity], [status]) VALUES (18, N'Bánh bông lan hương cốm dừa Hura Deli', 47000, N'Bột mì, đường, trứng, chất béo thực vật, mạch nha, bơ, sữa bột, chất giữ ẩm, chất nhũ hoá, nước, tinh bột bắp, chất tạo xốp, muối, sô cô la compound trắng, hương tổng hợp,...', 1, CAST(N'2021-03-01 00:00:00.000' AS DateTime), CAST(N'2021-12-01 00:00:00.000' AS DateTime), CAST(N'2021-03-01 00:00:00.000' AS DateTime), CAST(N'2021-03-01 00:00:00.000' AS DateTime), 9, 1, 4, 60, 1, 1)
INSERT [dbo].[product] ([product_id], [name], [price], [ingredient], [priority], [date_start], [date_end], [created_at], [updated_at], [category_id], [supplier_id], [user_id], [percent_item], [quantity], [status]) VALUES (19, N'Bánh xốp phủ socola KitKat', 70000, N'Đường, sữa bột (sữa bò), bột mì, bơ cacao, cacao khối, chất béo thực vật và dầu thực vật (nhân cây cọ, cây cọ, Illipe, cây hạt mỡ), siro glucose, bột cacao, muối, hương vani tổng hợp.', 1, CAST(N'2021-03-04 00:00:00.000' AS DateTime), CAST(N'2022-09-04 00:00:00.000' AS DateTime), CAST(N'2021-03-04 00:00:00.000' AS DateTime), CAST(N'2021-03-04 00:00:00.000' AS DateTime), 10, 2, 1, 30, 1, 1)
INSERT [dbo].[product] ([product_id], [name], [price], [ingredient], [priority], [date_start], [date_end], [created_at], [updated_at], [category_id], [supplier_id], [user_id], [percent_item], [quantity], [status]) VALUES (20, N'Bánh Choco-pie', 88000, N'Bột mì, đường, si rô glucose, shortening thực vật, chất béo thực vật không hydro hoá, bột ca cao, sữa bột nguyên kem, trứng, chất tạo xốp,...', 1, CAST(N'2021-03-01 00:00:00.000' AS DateTime), CAST(N'2021-12-01 00:00:00.000' AS DateTime), CAST(N'2021-02-01 00:00:00.000' AS DateTime), CAST(N'2021-02-01 00:00:00.000' AS DateTime), 10, 1, 4, 10, 1, 0)
INSERT [dbo].[product] ([product_id], [name], [price], [ingredient], [priority], [date_start], [date_end], [created_at], [updated_at], [category_id], [supplier_id], [user_id], [percent_item], [quantity], [status]) VALUES (21, N'Socola Ferrero', 343000, N'Socola sữa 30% (đường, bơ, ca cao, bột ca cao, sữa bột gầy, chất béo sữa dạng khan, chất nhũ hoá, chất tạo xốp, hương liệu giống tự nhiên, hạt phỉ 28.5%, muối,...', 1, CAST(N'2021-03-01 00:00:00.000' AS DateTime), CAST(N'2021-06-01 00:00:00.000' AS DateTime), CAST(N'2021-03-01 00:00:00.000' AS DateTime), CAST(N'2021-03-01 00:00:00.000' AS DateTime), 11, 2, 5, 25, 1, 1)
INSERT [dbo].[product] ([product_id], [name], [price], [ingredient], [priority], [date_start], [date_end], [created_at], [updated_at], [category_id], [supplier_id], [user_id], [percent_item], [quantity], [status]) VALUES (22, N'Socola Meiji ', 107000, N' Đường, cacao mass (38%), dầu thực vật (dầu cọ, dầu hướng dương, dầu hạt mỡ), bột sữa nguyên kem, chất nhũ hoá (lecithin đậu nành), bơ cacao, hương liệu.', 1, CAST(N'2021-03-01 00:00:00.000' AS DateTime), CAST(N'2021-05-17 00:00:00.000' AS DateTime), CAST(N'2021-03-01 00:00:00.000' AS DateTime), CAST(N'2021-03-01 00:00:00.000' AS DateTime), 11, 2, 5, 55, 1, 0)
INSERT [dbo].[product] ([product_id], [name], [price], [ingredient], [priority], [date_start], [date_end], [created_at], [updated_at], [category_id], [supplier_id], [user_id], [percent_item], [quantity], [status]) VALUES (23, N'Bánh que Glico Pocky', 60000, N'Bột mì, đường, dầu thực vật, bột sữa tách béo,..', 1, CAST(N'2021-03-04 00:00:00.000' AS DateTime), CAST(N'2022-03-04 00:00:00.000' AS DateTime), CAST(N'2021-03-04 00:00:00.000' AS DateTime), CAST(N'2021-03-04 00:00:00.000' AS DateTime), 12, 2, 2, 20, 1, 1)
INSERT [dbo].[product] ([product_id], [name], [price], [ingredient], [priority], [date_start], [date_end], [created_at], [updated_at], [category_id], [supplier_id], [user_id], [percent_item], [quantity], [status]) VALUES (24, N'Bánh que Meiji Lucky Stick', 19000, N'Bột mì (45%), đường, dầu cọ hydro hóa, dầu cọ, bột cacao, sữa đặc, sữa bột tách béo, bột whey, chiết xuất mạch nha, bột nở , lastose, chất nhũ hóa , hương liệu nhân tạo, emzyme, hương cacao tự nhiên.', 1, CAST(N'2021-03-01 00:00:00.000' AS DateTime), CAST(N'2021-04-01 00:00:00.000' AS DateTime), CAST(N'2021-03-01 00:00:00.000' AS DateTime), CAST(N'2021-03-01 00:00:00.000' AS DateTime), 12, 1, 1, 10, 1, 1)
INSERT [dbo].[product] ([product_id], [name], [price], [ingredient], [priority], [date_start], [date_end], [created_at], [updated_at], [category_id], [supplier_id], [user_id], [percent_item], [quantity], [status]) VALUES (25, N'Bánh quế nhân socola chuối Deka', 72000, N' Đường, bột mì, chất béo thực vật, maltodextrin, bột ca cao, sữa bột, tinh bột ngô, chuối, chất nhũ hoá,...', 1, CAST(N'2021-03-01 00:00:00.000' AS DateTime), CAST(N'2021-12-01 00:00:00.000' AS DateTime), CAST(N'2021-03-01 00:00:00.000' AS DateTime), CAST(N'2021-03-01 00:00:00.000' AS DateTime), 13, 1, 4, 20, 1, 0)
INSERT [dbo].[product] ([product_id], [name], [price], [ingredient], [priority], [date_start], [date_end], [created_at], [updated_at], [category_id], [supplier_id], [user_id], [percent_item], [quantity], [status]) VALUES (26, N'Bánh quế vị socola Wasuka', 68000, N'Đường, bột lúa mì (24.1%), chất béo thực vật, bột ca cao (7.6%), maltodextrin, bột sữa (4.5%), bột Whey, tinh bột bắp, mạch nha, phẩm màu tự nhiên, chất nhũ hóa (Lecithin (E322)), muối, hương vị nhân tạo (vani, socola)', 1, CAST(N'2021-03-01 00:00:00.000' AS DateTime), CAST(N'2022-01-01 00:00:00.000' AS DateTime), CAST(N'2021-03-01 00:00:00.000' AS DateTime), CAST(N'2021-03-01 00:00:00.000' AS DateTime), 13, 2, 3, 5, 1, 1)
INSERT [dbo].[product] ([product_id], [name], [price], [ingredient], [priority], [date_start], [date_end], [created_at], [updated_at], [category_id], [supplier_id], [user_id], [percent_item], [quantity], [status]) VALUES (27, N'Mít sấy Rộp Rộp', 63000, N'Mít, dầu thực vật', 1, CAST(N'2021-03-04 00:00:00.000' AS DateTime), CAST(N'2022-11-04 00:00:00.000' AS DateTime), CAST(N'2021-03-04 00:00:00.000' AS DateTime), CAST(N'2021-03-04 00:00:00.000' AS DateTime), 14, 1, 1, 60, 1, 0)
INSERT [dbo].[product] ([product_id], [name], [price], [ingredient], [priority], [date_start], [date_end], [created_at], [updated_at], [category_id], [supplier_id], [user_id], [percent_item], [quantity], [status]) VALUES (28, N'Nho khô nguyên cành Sunraysia Crimson', 230000, N'Nho khô Crimson, dầu hạt cải', 1, CAST(N'2021-07-01 00:00:00.000' AS DateTime), CAST(N'2021-03-06 00:00:00.000' AS DateTime), CAST(N'2021-03-01 00:00:00.000' AS DateTime), CAST(N'2021-03-01 00:00:00.000' AS DateTime), 14, 2, 3, 10, 1, 1)
INSERT [dbo].[product] ([product_id], [name], [price], [ingredient], [priority], [date_start], [date_end], [created_at], [updated_at], [category_id], [supplier_id], [user_id], [percent_item], [quantity], [status]) VALUES (29, N'Đậu phộng da cá cốt dừa ', 40000, N'Đậu phộng 40%, bột mì, bột nếp, bột bắp, bột biến tính, dầu thực vật, đường, nước cốt dừa,... ', 1, CAST(N'2021-03-01 00:00:00.000' AS DateTime), CAST(N'2021-08-01 00:00:00.000' AS DateTime), CAST(N'2021-03-01 00:00:00.000' AS DateTime), CAST(N'2021-03-01 00:00:00.000' AS DateTime), 15, 1, 5, 20, 1, 1)
INSERT [dbo].[product] ([product_id], [name], [price], [ingredient], [priority], [date_start], [date_end], [created_at], [updated_at], [category_id], [supplier_id], [user_id], [percent_item], [quantity], [status]) VALUES (30, N'Hạt điều rang muối BaZan', 140000, N'Hạt điều, muối', 1, CAST(N'2021-03-01 00:00:00.000' AS DateTime), CAST(N'2021-09-01 00:00:00.000' AS DateTime), CAST(N'2021-03-01 00:00:00.000' AS DateTime), CAST(N'2021-03-01 00:00:00.000' AS DateTime), 15, 1, 2, 50, 1, 0)
INSERT [dbo].[product] ([product_id], [name], [price], [ingredient], [priority], [date_start], [date_end], [created_at], [updated_at], [category_id], [supplier_id], [user_id], [percent_item], [quantity], [status]) VALUES (31, N'Snack khoai tây vị cà chua Peke Potato Chips lon', 20000, N'Vẩy khoai tây 60%, dầu thực vật, tinh bột khoai tây, muối, đường, gia vị, đường, dextrin, phẩm màu thực phẩm tự nhiên, chất điều vị,...', 1, CAST(N'2021-03-01 00:00:00.000' AS DateTime), CAST(N'2021-09-01 00:00:00.000' AS DateTime), CAST(N'2021-03-01 00:00:00.000' AS DateTime), CAST(N'2021-03-01 00:00:00.000' AS DateTime), 1, 1, 4, 10, 1, 1)
INSERT [dbo].[product] ([product_id], [name], [price], [ingredient], [priority], [date_start], [date_end], [created_at], [updated_at], [category_id], [supplier_id], [user_id], [percent_item], [quantity], [status]) VALUES (32, N'Snack khoai tây vị rong biển cay', 8500, N'Khoai tây 60%, dầu thực vật, bột gia vị rong biển cay 5%, bột kem béo thực vật, chất điều vị, muối, bột rong biển, bột hương hành tự nhiên,...', 1, CAST(N'2021-03-01 00:00:00.000' AS DateTime), CAST(N'2021-05-01 00:00:00.000' AS DateTime), CAST(N'2021-03-01 00:00:00.000' AS DateTime), CAST(N'2021-03-03 00:00:00.000' AS DateTime), 1, 1, 1, 55, 1, 0)
INSERT [dbo].[product] ([product_id], [name], [price], [ingredient], [priority], [date_start], [date_end], [created_at], [updated_at], [category_id], [supplier_id], [user_id], [percent_item], [quantity], [status]) VALUES (33, N'Snack khoai tây vị bò nướng lửa hồng Poca', 5500, N'Bột mì, khoai tây miếng (28%), dầu ăn, tinh bột khoai tây (14%), đường, bột ngọt, muối i ốt, bột hành,...', 1, CAST(N'2021-03-01 00:00:00.000' AS DateTime), CAST(N'2021-06-01 00:00:00.000' AS DateTime), CAST(N'2021-03-01 00:00:00.000' AS DateTime), CAST(N'2021-03-02 00:00:00.000' AS DateTime), 1, 1, 3, 10, 1, 0)
INSERT [dbo].[product] ([product_id], [name], [price], [ingredient], [priority], [date_start], [date_end], [created_at], [updated_at], [category_id], [supplier_id], [user_id], [percent_item], [quantity], [status]) VALUES (34, N'Snack khoai tây vị sườn nướng BBQ Brazil Lay''s', 19000, N'Khoai tây, dầu thực vật, bột gia vị sườn nướng BBQ Brazil 5.2% (đường, maltodextrin, muối, hương tự nhiên và hương giống tự nhiên, gia vị (tỏi, ớt, gừng),...', 1, CAST(N'2021-03-01 00:00:00.000' AS DateTime), CAST(N'2021-05-26 00:00:00.000' AS DateTime), CAST(N'2021-03-01 00:00:00.000' AS DateTime), CAST(N'2021-03-05 00:00:00.000' AS DateTime), 1, 2, 2, 60, 1, 0)
INSERT [dbo].[product] ([product_id], [name], [price], [ingredient], [priority], [date_start], [date_end], [created_at], [updated_at], [category_id], [supplier_id], [user_id], [percent_item], [quantity], [status]) VALUES (35, N'Snack quẩy xoắn vị rong biển Dong Hwa', 36000, N'Tảo biển 70%, đường 10.5% , gia vị tự nhiên 7.4%, muối 4.5%.', 1, CAST(N'2021-03-01 00:00:00.000' AS DateTime), CAST(N'2021-06-01 00:00:00.000' AS DateTime), CAST(N'2021-03-01 00:00:00.000' AS DateTime), CAST(N'2021-03-01 00:00:00.000' AS DateTime), 2, 2, 2, 55, 1, 1)
INSERT [dbo].[product] ([product_id], [name], [price], [ingredient], [priority], [date_start], [date_end], [created_at], [updated_at], [category_id], [supplier_id], [user_id], [percent_item], [quantity], [status]) VALUES (36, N'Snack rong biển nướng vị kim chi Tao Kae Noi Super Crisp', 39000, N'Tảo biển, đường 10.5% , gia vị tự nhiên 7.4%, muối 4.5%, bột nước mắm, bột mực 7%, axit thực phẩm, dầu kim chi, màu (E160C) 0.12%', 1, CAST(N'2021-03-01 00:00:00.000' AS DateTime), CAST(N'2021-04-20 00:00:00.000' AS DateTime), CAST(N'2021-03-01 00:00:00.000' AS DateTime), CAST(N'2021-03-03 00:00:00.000' AS DateTime), 2, 2, 1, 20, 1, 1)
INSERT [dbo].[product] ([product_id], [name], [price], [ingredient], [priority], [date_start], [date_end], [created_at], [updated_at], [category_id], [supplier_id], [user_id], [percent_item], [quantity], [status]) VALUES (37, N'Snack rong biển giòn vị truyền thống Tao Kae Noi', 38500, N'Tảo biển 85%, dầu cọ 9%, muối 3.5%, tiêu 2%, hương vị (E627, E631) 0.5%', 1, CAST(N'2021-03-01 00:00:00.000' AS DateTime), CAST(N'2021-12-20 00:00:00.000' AS DateTime), CAST(N'2021-03-01 00:00:00.000' AS DateTime), CAST(N'2021-03-03 00:00:00.000' AS DateTime), 2, 2, 4, 25, 1, 0)
INSERT [dbo].[product] ([product_id], [name], [price], [ingredient], [priority], [date_start], [date_end], [created_at], [updated_at], [category_id], [supplier_id], [user_id], [percent_item], [quantity], [status]) VALUES (38, N'Lốc 3 gói rong biển ăn liền Godbawee Sonka Wild', 35500, N'Tảo biển 65%, dầu bắp 12.3%, dầu canola 12.3%, dầu mè 6.2%, muối 4.2%', 1, CAST(N'2021-03-01 00:00:00.000' AS DateTime), CAST(N'2021-05-20 00:00:00.000' AS DateTime), CAST(N'2021-03-01 00:00:00.000' AS DateTime), CAST(N'2021-03-02 00:00:00.000' AS DateTime), 2, 2, 3, 30, 1, 1)
INSERT [dbo].[product] ([product_id], [name], [price], [ingredient], [priority], [date_start], [date_end], [created_at], [updated_at], [category_id], [supplier_id], [user_id], [percent_item], [quantity], [status]) VALUES (39, N'Bánh quy nho khô và choco chips Andersen''s', 14000, N'Bột mì, yến mạch cán, đường nâu, bơ thực vật (dầu thực vật - dầu cọ, chất béo sữa, moisture, muối,...', 1, CAST(N'2021-03-01 00:00:00.000' AS DateTime), CAST(N'2021-08-20 00:00:00.000' AS DateTime), CAST(N'2021-03-01 00:00:00.000' AS DateTime), CAST(N'2021-03-02 00:00:00.000' AS DateTime), 3, 2, 1, 35, 1, 0)
INSERT [dbo].[product] ([product_id], [name], [price], [ingredient], [priority], [date_start], [date_end], [created_at], [updated_at], [category_id], [supplier_id], [user_id], [percent_item], [quantity], [status]) VALUES (40, N'Bánh quy bơ Kokola Waffle Cookies', 19000, N' Bột mì, đường, trứng,...', 1, CAST(N'2021-03-01 00:00:00.000' AS DateTime), CAST(N'2021-09-20 00:00:00.000' AS DateTime), CAST(N'2021-03-01 00:00:00.000' AS DateTime), CAST(N'2021-03-04 00:00:00.000' AS DateTime), 3, 2, 5, 45, 1, 1)
INSERT [dbo].[product] ([product_id], [name], [price], [ingredient], [priority], [date_start], [date_end], [created_at], [updated_at], [category_id], [supplier_id], [user_id], [percent_item], [quantity], [status]) VALUES (41, N'Bánh Ladyfingers nguyên gốc Ý Matilde Vicenzi Vicenzovo', 55000, N'Bột mì, đường, trứng tươi 26% siro glucose, chất tạo xốp, chất nhũ hoá, hương chanh tự nhiên, hương vani tự nhiên', 1, CAST(N'2021-03-01 00:00:00.000' AS DateTime), CAST(N'2021-07-20 00:00:00.000' AS DateTime), CAST(N'2021-03-01 00:00:00.000' AS DateTime), CAST(N'2021-03-01 00:00:00.000' AS DateTime), 3, 2, 2, 50, 1, 1)
INSERT [dbo].[product] ([product_id], [name], [price], [ingredient], [priority], [date_start], [date_end], [created_at], [updated_at], [category_id], [supplier_id], [user_id], [percent_item], [quantity], [status]) VALUES (42, N'Bánh quy lúa mì Misura', 28000, N'Bột mì nguyên chất 61.5%, đường, dầu hạt hướng dương 15%, trứng, chất xơ yến mạch, bột lúa mì, sữa bột tách kem, chất xơ hòa tan từ tinh bột lúa mì 1.5%, sirô glucose, chiết xuất từ mạch nha, ngô và lúa mạch', 1, CAST(N'2021-03-01 00:00:00.000' AS DateTime), CAST(N'2021-04-01 00:00:00.000' AS DateTime), CAST(N'2021-03-01 00:00:00.000' AS DateTime), CAST(N'2021-03-01 00:00:00.000' AS DateTime), 3, 1, 1, 55, 1, 0)
INSERT [dbo].[product] ([product_id], [name], [price], [ingredient], [priority], [date_start], [date_end], [created_at], [updated_at], [category_id], [supplier_id], [user_id], [percent_item], [quantity], [status]) VALUES (43, N'Bánh quy phô mai Zess', 21000, N'Bột mì, bột phô mai, dầu thực vật, đường, bột sữa, bột ngô, bột whey, chất tạo xốp,', 1, CAST(N'2021-03-01 00:00:00.000' AS DateTime), CAST(N'2021-12-01 00:00:00.000' AS DateTime), CAST(N'2021-03-01 00:00:00.000' AS DateTime), CAST(N'2021-03-10 00:00:00.000' AS DateTime), 3, 2, 4, 60, 1, 0)
INSERT [dbo].[product] ([product_id], [name], [price], [ingredient], [priority], [date_start], [date_end], [created_at], [updated_at], [category_id], [supplier_id], [user_id], [percent_item], [quantity], [status]) VALUES (44, N'Bánh bơ trứng Butter Waffles Richy', 28000, N'Bột mì, đường kính, bơ, trứng, bột sữa whey, mạch nha, muối ăn, hương vani tổng hợp, chất nhũ hoá, màu thực phẩm', 1, CAST(N'2021-03-01 00:00:00.000' AS DateTime), CAST(N'2021-06-01 00:00:00.000' AS DateTime), CAST(N'2021-03-01 00:00:00.000' AS DateTime), CAST(N'2021-03-10 00:00:00.000' AS DateTime), 4, 1, 3, 65, 1, 0)
INSERT [dbo].[product] ([product_id], [name], [price], [ingredient], [priority], [date_start], [date_end], [created_at], [updated_at], [category_id], [supplier_id], [user_id], [percent_item], [quantity], [status]) VALUES (45, N'Bánh trứng kem sầu riêng Tipo', 41000, N'Trứng 25%, đường, bột mì, sữa bột, bột sầu riêng,...', 1, CAST(N'2021-03-01 00:00:00.000' AS DateTime), CAST(N'2021-11-01 00:00:00.000' AS DateTime), CAST(N'2021-03-01 00:00:00.000' AS DateTime), CAST(N'2021-03-01 00:00:00.000' AS DateTime), 4, 1, 5, 66, 1, 0)
INSERT [dbo].[product] ([product_id], [name], [price], [ingredient], [priority], [date_start], [date_end], [created_at], [updated_at], [category_id], [supplier_id], [user_id], [percent_item], [quantity], [status]) VALUES (46, N'Bánh trứng mini hương rau tổng hợp I.B.O', 30000, N'Tinh bột khoai tây, đường trắng, trứng gà, bột mì, sữa bột, Maltodextrin, Si rô fructose, bột rau xanh, chất tạo xốp, hương nhân tạo (hương rau xanh).', 1, CAST(N'2021-03-01 00:00:00.000' AS DateTime), CAST(N'2022-01-01 00:00:00.000' AS DateTime), CAST(N'2021-03-01 00:00:00.000' AS DateTime), CAST(N'2021-03-01 00:00:00.000' AS DateTime), 4, 1, 2, 44, 1, 1)
INSERT [dbo].[product] ([product_id], [name], [price], [ingredient], [priority], [date_start], [date_end], [created_at], [updated_at], [category_id], [supplier_id], [user_id], [percent_item], [quantity], [status]) VALUES (47, N'Bánh trứng bơ sữa Tik Tok', 22000, N'Bột mì, trứng, đường, chất béo thực vật, bột sữa, chất tạo xốp, chất nhũ hóa, chất ổn định, chất giữ ẩm, hương (sữa, bơ) tổng hợp.', 1, CAST(N'2021-03-01 00:00:00.000' AS DateTime), CAST(N'2021-10-01 00:00:00.000' AS DateTime), CAST(N'2021-03-01 00:00:00.000' AS DateTime), CAST(N'2021-03-11 00:00:00.000' AS DateTime), 4, 1, 1, 22, 1, 1)
INSERT [dbo].[product] ([product_id], [name], [price], [ingredient], [priority], [date_start], [date_end], [created_at], [updated_at], [category_id], [supplier_id], [user_id], [percent_item], [quantity], [status]) VALUES (48, N'Kẹo gum không đường Lotte Xylitol Cool', 55000, N'Chất tạo ngọt Xylitol 39%, Maltitol, Aspartam; Cốt gôm; Hương bạc hà giống tự nhiên và tổng hợp', 1, CAST(N'2021-03-01 00:00:00.000' AS DateTime), CAST(N'2021-08-01 00:00:00.000' AS DateTime), CAST(N'2021-03-01 00:00:00.000' AS DateTime), CAST(N'2021-03-11 00:00:00.000' AS DateTime), 5, 1, 3, 44, 1, 0)
INSERT [dbo].[product] ([product_id], [name], [price], [ingredient], [priority], [date_start], [date_end], [created_at], [updated_at], [category_id], [supplier_id], [user_id], [percent_item], [quantity], [status]) VALUES (49, N'Kẹo sing-gum DoubleMint hương bạc hà', 38000, N'Đường, chất gum nền, xiro glucose, tinh bột, chất nhũ hóa lecithin đậu nành (322), hương bạc hà tự nhiên và tổng hợp', 1, CAST(N'2021-03-01 00:00:00.000' AS DateTime), CAST(N'2021-11-01 00:00:00.000' AS DateTime), CAST(N'2021-03-01 00:00:00.000' AS DateTime), CAST(N'2021-03-02 00:00:00.000' AS DateTime), 5, 1, 4, 66, 1, 1)
INSERT [dbo].[product] ([product_id], [name], [price], [ingredient], [priority], [date_start], [date_end], [created_at], [updated_at], [category_id], [supplier_id], [user_id], [percent_item], [quantity], [status]) VALUES (50, N'Sing-gum không đường Extra hương bạc hà', 30000, N'Chất tạo ngọt tổng hợp, chất gum nền, chất làm dày, hương bạc hà tự nhiên và tổng hợp, chất nhũ hóa, màu thực phẩm tổng hợp, chất làm bóng, chất chống oxy hóa', 1, CAST(N'2021-03-01 00:00:00.000' AS DateTime), CAST(N'2021-04-01 00:00:00.000' AS DateTime), CAST(N'2021-03-01 00:00:00.000' AS DateTime), CAST(N'2021-03-01 00:00:00.000' AS DateTime), 5, 1, 5, 55, 1, 0)
INSERT [dbo].[product] ([product_id], [name], [price], [ingredient], [priority], [date_start], [date_end], [created_at], [updated_at], [category_id], [supplier_id], [user_id], [percent_item], [quantity], [status]) VALUES (51, N'Kẹo cao su Mentos Fresh Action hương bạc hà', 40000, N'Đường, gôm, siro glucoza, hương bạc hà, khuynh diệp tự nhiên, giống tự nhiên và hương bạc hà tổng hợp, chất làm ẩm, chất tạo ngọt', 1, CAST(N'2021-03-01 00:00:00.000' AS DateTime), CAST(N'2021-10-01 00:00:00.000' AS DateTime), CAST(N'2021-03-01 00:00:00.000' AS DateTime), CAST(N'2021-03-10 00:00:00.000' AS DateTime), 5, 1, 5, 70, 1, 1)
INSERT [dbo].[product] ([product_id], [name], [price], [ingredient], [priority], [date_start], [date_end], [created_at], [updated_at], [category_id], [supplier_id], [user_id], [percent_item], [quantity], [status]) VALUES (52, N'Kẹo gum không đường Trident hương bạc hà', 26000, N'Chất tạo ngọt (420(i)), 967, 951, 421, 950, 955), chất gum nền, chất giữ ẩm (422), hương bạc hà tự nhiên và tổng hợp, chất nhũ hóa (472a, 322(i)), màu thực phẩm tổng hợp (102, 133)', 1, CAST(N'2021-03-01 00:00:00.000' AS DateTime), CAST(N'2021-06-01 00:00:00.000' AS DateTime), CAST(N'2021-03-01 00:00:00.000' AS DateTime), CAST(N'2021-03-06 00:00:00.000' AS DateTime), 5, 2, 2, 63, 1, 0)
INSERT [dbo].[product] ([product_id], [name], [price], [ingredient], [priority], [date_start], [date_end], [created_at], [updated_at], [category_id], [supplier_id], [user_id], [percent_item], [quantity], [status]) VALUES (53, N'Kẹo sing-gum Cool Air hương bạc hà khuynh diệp', 50000, N'Đường, chất gum nền, xiro glucose, hương bạc hà - khuynh diệp tự nhiên và tổng hợp, chất nhũ hóa (lecithin đậu nành INS 322i), chất làm ẩm', 1, CAST(N'2021-03-01 00:00:00.000' AS DateTime), CAST(N'2022-01-01 00:00:00.000' AS DateTime), CAST(N'2021-03-01 00:00:00.000' AS DateTime), CAST(N'2021-03-05 00:00:00.000' AS DateTime), 5, 1, 1, 75, 1, 1)
INSERT [dbo].[product] ([product_id], [name], [price], [ingredient], [priority], [date_start], [date_end], [created_at], [updated_at], [category_id], [supplier_id], [user_id], [percent_item], [quantity], [status]) VALUES (54, N'Kẹo Icedrop siêu mát lạnh', 19000, N'Sorbitol, Xylitol, chất tạo ngọt tổng hợp, màu thực phẩm tổng hợp,..', 1, CAST(N'2021-03-01 00:00:00.000' AS DateTime), CAST(N'2022-03-01 00:00:00.000' AS DateTime), CAST(N'2021-03-01 00:00:00.000' AS DateTime), CAST(N'2021-03-05 00:00:00.000' AS DateTime), 6, 2, 1, 5, 1, 1)
INSERT [dbo].[product] ([product_id], [name], [price], [ingredient], [priority], [date_start], [date_end], [created_at], [updated_at], [category_id], [supplier_id], [user_id], [percent_item], [quantity], [status]) VALUES (55, N'Kẹo hương chanh dây Lolli', 20000, N'Sorbitol, chất điều chỉnh độ acid, màu thực phẩm tự nhiên, vitamin C', 1, CAST(N'2021-03-01 00:00:00.000' AS DateTime), CAST(N'2022-03-01 00:00:00.000' AS DateTime), CAST(N'2021-03-01 00:00:00.000' AS DateTime), CAST(N'2021-03-06 00:00:00.000' AS DateTime), 6, 2, 2, 10, 1, 0)
INSERT [dbo].[product] ([product_id], [name], [price], [ingredient], [priority], [date_start], [date_end], [created_at], [updated_at], [category_id], [supplier_id], [user_id], [percent_item], [quantity], [status]) VALUES (56, N'Kẹo cà phê Savory', 12000, N'Đường, bột sữa nguyên kem, chất tạo màu tự nhiên, chất chống oxy hoá, chất điều chỉnh độ acid, hương liệu nhân tạo,..', 1, CAST(N'2021-03-01 00:00:00.000' AS DateTime), CAST(N'2022-03-01 00:00:00.000' AS DateTime), CAST(N'2021-03-01 00:00:00.000' AS DateTime), CAST(N'2021-03-06 00:00:00.000' AS DateTime), 6, 2, 3, 15, 1, 0)
INSERT [dbo].[product] ([product_id], [name], [price], [ingredient], [priority], [date_start], [date_end], [created_at], [updated_at], [category_id], [supplier_id], [user_id], [percent_item], [quantity], [status]) VALUES (57, N'Kẹo jelly mè đen Lolli', 12000, N'Glucose syrup, đường, mè đen, phụ gia thực phẩm, bột sữa nguyên kem, hương liệu thực phẩm, màu thực phẩm, bột whey', 1, CAST(N'2021-03-01 00:00:00.000' AS DateTime), CAST(N'2022-03-01 00:00:00.000' AS DateTime), CAST(N'2021-03-01 00:00:00.000' AS DateTime), CAST(N'2021-03-07 00:00:00.000' AS DateTime), 6, 2, 4, 20, 1, 0)
INSERT [dbo].[product] ([product_id], [name], [price], [ingredient], [priority], [date_start], [date_end], [created_at], [updated_at], [category_id], [supplier_id], [user_id], [percent_item], [quantity], [status]) VALUES (58, N'Kẹo trái cây hỗn hợp Lolli', 12000, N'Sorbitol, chất điều chỉnh độ acid, tinh chất dưa hấu, màu thực phẩm tự nhiên, vitamin C', 1, CAST(N'2021-03-01 00:00:00.000' AS DateTime), CAST(N'2022-03-01 00:00:00.000' AS DateTime), CAST(N'2021-03-01 00:00:00.000' AS DateTime), CAST(N'2021-03-07 00:00:00.000' AS DateTime), 6, 2, 5, 25, 1, 0)
INSERT [dbo].[product] ([product_id], [name], [price], [ingredient], [priority], [date_start], [date_end], [created_at], [updated_at], [category_id], [supplier_id], [user_id], [percent_item], [quantity], [status]) VALUES (59, N'Kẹo socola đen Riesen nhân mềm', 33600, N'Siro glucose, đường, whey đậm đặc, cacao, dầu cọ, bơ cacao, sữa đặc, chất nhũ hoá,...', 1, CAST(N'2021-03-01 00:00:00.000' AS DateTime), CAST(N'2021-04-07 00:00:00.000' AS DateTime), CAST(N'2021-03-01 00:00:00.000' AS DateTime), CAST(N'2021-03-08 00:00:00.000' AS DateTime), 6, 2, 1, 30, 1, 1)
INSERT [dbo].[product] ([product_id], [name], [price], [ingredient], [priority], [date_start], [date_end], [created_at], [updated_at], [category_id], [supplier_id], [user_id], [percent_item], [quantity], [status]) VALUES (60, N'Kẹo the siêu mát lạnh Play More', 26000, N'Chất tạo ngọt, chất điều chỉnh độ acid, chất chống đông vón, tinh dầu bạc hà 0.2%, vitamin C 0.2%, chất tạo ngọt, phẩm màu', 1, CAST(N'2021-03-01 00:00:00.000' AS DateTime), CAST(N'2022-08-01 00:00:00.000' AS DateTime), CAST(N'2021-03-01 00:00:00.000' AS DateTime), CAST(N'2021-03-08 00:00:00.000' AS DateTime), 6, 1, 2, 35, 1, 1)
INSERT [dbo].[product] ([product_id], [name], [price], [ingredient], [priority], [date_start], [date_end], [created_at], [updated_at], [category_id], [supplier_id], [user_id], [percent_item], [quantity], [status]) VALUES (61, N'Bánh gạo đậu nành Want Want', 23500, N'Gạo 72%, tinh bột khoai tây, tinh bột bắp, dầu cọ, đường, nước tương', 1, CAST(N'2021-03-01 00:00:00.000' AS DateTime), CAST(N'2021-08-01 00:00:00.000' AS DateTime), CAST(N'2021-03-01 00:00:00.000' AS DateTime), CAST(N'2021-03-09 00:00:00.000' AS DateTime), 7, 2, 5, 40, 1, 1)
INSERT [dbo].[product] ([product_id], [name], [price], [ingredient], [priority], [date_start], [date_end], [created_at], [updated_at], [category_id], [supplier_id], [user_id], [percent_item], [quantity], [status]) VALUES (62, N'Bánh gạo mật ong Richy', 41000, N'Gạo thơm (≥ 55%), dầu thực vật, tinh bột biến tính, đường kính, mật ong (≥ 0,3%), nước tương, muối ăn', 1, CAST(N'2021-03-01 00:00:00.000' AS DateTime), CAST(N'2021-05-20 00:00:00.000' AS DateTime), CAST(N'2021-03-01 00:00:00.000' AS DateTime), CAST(N'2021-03-09 00:00:00.000' AS DateTime), 7, 1, 4, 45, 1, 1)
INSERT [dbo].[product] ([product_id], [name], [price], [ingredient], [priority], [date_start], [date_end], [created_at], [updated_at], [category_id], [supplier_id], [user_id], [percent_item], [quantity], [status]) VALUES (63, N'Bánh gạo mặn vị Barbecue Kobana', 35500, N'Gạo ( 64.85% ), dầu thực vật (dầu cọ 17.6%), đường, tinh bột sắn (5.55%), Maltodextrin (4.12%), bột cà chua, muối, bột sốt đậu nành ', 1, CAST(N'2021-03-01 00:00:00.000' AS DateTime), CAST(N'2021-08-01 00:00:00.000' AS DateTime), CAST(N'2021-03-01 00:00:00.000' AS DateTime), CAST(N'2021-03-10 00:00:00.000' AS DateTime), 7, 2, 3, 50, 1, 0)
INSERT [dbo].[product] ([product_id], [name], [price], [ingredient], [priority], [date_start], [date_end], [created_at], [updated_at], [category_id], [supplier_id], [user_id], [percent_item], [quantity], [status]) VALUES (64, N'Bánh gạo vị Teriyaki Kobana', 35500, N'Gạo, dầu thực vật (dầu cọ), bột sắn tinh, đường, maltodextrin, bột sốt Teriyaki, bột hành, bột gừng, muối, bột xì dầu, hương thực phẩm tổng hợp,...', 1, CAST(N'2021-03-01 00:00:00.000' AS DateTime), CAST(N'2021-08-01 00:00:00.000' AS DateTime), CAST(N'2021-03-01 00:00:00.000' AS DateTime), CAST(N'2021-03-10 00:00:00.000' AS DateTime), 7, 2, 2, 55, 1, 1)
INSERT [dbo].[product] ([product_id], [name], [price], [ingredient], [priority], [date_start], [date_end], [created_at], [updated_at], [category_id], [supplier_id], [user_id], [percent_item], [quantity], [status]) VALUES (65, N'Bánh gạo Nhật vị Shouyu mật ong Ichi', 34500, N'Gạo Japonica (63%), đường kính trắng, dầu thực vật, mật ong, tinh bột biến tính, xì dầu', 1, CAST(N'2021-03-01 00:00:00.000' AS DateTime), CAST(N'2021-08-01 00:00:00.000' AS DateTime), CAST(N'2021-03-01 00:00:00.000' AS DateTime), CAST(N'2021-03-11 00:00:00.000' AS DateTime), 7, 1, 1, 60, 1, 0)
INSERT [dbo].[product] ([product_id], [name], [price], [ingredient], [priority], [date_start], [date_end], [created_at], [updated_at], [category_id], [supplier_id], [user_id], [percent_item], [quantity], [status]) VALUES (66, N'Bánh gạo nướng vị cá Nhật thượng hạng Orion An', 29000, N'Gạo Japonica 58,3%, dầu thực vật, đường, tinh bột, khoai tây, chất làm dày (1420), bột gia vị 2,2% (muối, hương nước mắm tự nhiên, hương tảo biển tổng hợp và hương cá hồi tổng hợp', 1, CAST(N'2021-03-01 00:00:00.000' AS DateTime), CAST(N'2021-06-01 00:00:00.000' AS DateTime), CAST(N'2021-03-01 00:00:00.000' AS DateTime), CAST(N'2021-03-11 00:00:00.000' AS DateTime), 7, 1, 5, 65, 1, 1)
INSERT [dbo].[product] ([product_id], [name], [price], [ingredient], [priority], [date_start], [date_end], [created_at], [updated_at], [category_id], [supplier_id], [user_id], [percent_item], [quantity], [status]) VALUES (67, N'Bánh xốp socola Nissin Wafers', 12000, N'Bột mì, đường, chất béo thực vật, tinh bột bắp, bột sữa, dextrose, bột cacao, hỗn hợp cacao mass, trứng, chất nhũ hoá lecithin đậu nành, chất tạo xốp, muối', 1, CAST(N'2021-03-01 00:00:00.000' AS DateTime), CAST(N'2021-06-01 00:00:00.000' AS DateTime), CAST(N'2021-03-01 00:00:00.000' AS DateTime), CAST(N'2021-03-12 00:00:00.000' AS DateTime), 8, 2, 4, 70, 1, 0)
INSERT [dbo].[product] ([product_id], [name], [price], [ingredient], [priority], [date_start], [date_end], [created_at], [updated_at], [category_id], [supplier_id], [user_id], [percent_item], [quantity], [status]) VALUES (68, N'Bánh xốp vị dâu Spoonz Ice Cone Snack', 24500, N'Nhân dâu - Đường, palm shortening, sữa bột tách béo, bột dâu, bột whey khử khoáng, lactose, chất nhũ hoá, hương dâu nhân tạo,...', 1, CAST(N'2021-03-01 00:00:00.000' AS DateTime), CAST(N'2021-08-01 00:00:00.000' AS DateTime), CAST(N'2021-03-01 00:00:00.000' AS DateTime), CAST(N'2021-03-12 00:00:00.000' AS DateTime), 8, 2, 3, 75, 1, 1)
INSERT [dbo].[product] ([product_id], [name], [price], [ingredient], [priority], [date_start], [date_end], [created_at], [updated_at], [category_id], [supplier_id], [user_id], [percent_item], [quantity], [status]) VALUES (69, N'Bánh xốp sầu riêng Janscorp', 46000, N'Bột mì (38%), chất béo thực vật (27%), đường (22.1%), bột ngô, chất nhũ hoá, hương sầu riêng, muối', 1, CAST(N'2021-03-01 00:00:00.000' AS DateTime), CAST(N'2022-02-01 00:00:00.000' AS DateTime), CAST(N'2021-03-01 00:00:00.000' AS DateTime), CAST(N'2021-03-12 00:00:00.000' AS DateTime), 8, 2, 2, 80, 1, 0)
INSERT [dbo].[product] ([product_id], [name], [price], [ingredient], [priority], [date_start], [date_end], [created_at], [updated_at], [category_id], [supplier_id], [user_id], [percent_item], [quantity], [status]) VALUES (70, N'Bánh xốp phủ kem socola Superstar', 39000, N'Bột lúa mì, đường, chất béo thực vật, whey, bột ca cao, chất tạo xốp (500), chất nhũ hóa lecithin đậu nành', 1, CAST(N'2021-03-01 00:00:00.000' AS DateTime), CAST(N'2021-09-01 00:00:00.000' AS DateTime), CAST(N'2021-03-01 00:00:00.000' AS DateTime), CAST(N'2021-03-12 00:00:00.000' AS DateTime), 8, 2, 1, 85, 1, 0)
INSERT [dbo].[product] ([product_id], [name], [price], [ingredient], [priority], [date_start], [date_end], [created_at], [updated_at], [category_id], [supplier_id], [user_id], [percent_item], [quantity], [status]) VALUES (71, N'Bánh xốp nhân phô mai Cal Cheese', 33000, N'Bột mì, đường, dầu thực vật (chứa chất chống oxy hóa BHA), kem không sữa, bột whey, maltodextrin, bột sữa, bột phô mai, muối, calcium cacbornat', 1, CAST(N'2021-03-01 00:00:00.000' AS DateTime), CAST(N'2021-12-01 00:00:00.000' AS DateTime), CAST(N'2021-03-01 00:00:00.000' AS DateTime), CAST(N'2021-03-12 00:00:00.000' AS DateTime), 8, 1, 1, 90, 1, 1)
INSERT [dbo].[product] ([product_id], [name], [price], [ingredient], [priority], [date_start], [date_end], [created_at], [updated_at], [category_id], [supplier_id], [user_id], [percent_item], [quantity], [status]) VALUES (72, N'Bánh xốp hương sữa Hokkaido Chocky', 32000, N'Bột mì 36%, đường bột 22%, shortening 19%, bột kem 9%, bột ca cao 8%, bột whey 4%, chất tạo xốp', 1, CAST(N'2021-03-01 00:00:00.000' AS DateTime), CAST(N'2021-08-01 00:00:00.000' AS DateTime), CAST(N'2021-03-01 00:00:00.000' AS DateTime), CAST(N'2021-03-12 00:00:00.000' AS DateTime), 8, 1, 2, 95, 1, 1)
INSERT [dbo].[product] ([product_id], [name], [price], [ingredient], [priority], [date_start], [date_end], [created_at], [updated_at], [category_id], [supplier_id], [user_id], [percent_item], [quantity], [status]) VALUES (73, N'Bánh bông lan cuộn kem vị dâu và vị lá dứa Solite', 50000, N'Trứng gà, bột mì, đường, mạch nha, dầu cọ, shortening, chất giữ ẩm, nước đường fructose, chất nhũ hoá, chất điều chỉnh độ acid, hương liệu tổng hợp, chất tạo xốp, muối, chất bảo quản,...', 1, CAST(N'2021-03-01 00:00:00.000' AS DateTime), CAST(N'2021-09-01 00:00:00.000' AS DateTime), CAST(N'2021-03-01 00:00:00.000' AS DateTime), CAST(N'2021-03-12 00:00:00.000' AS DateTime), 9, 1, 3, 10, 1, 0)
INSERT [dbo].[product] ([product_id], [name], [price], [ingredient], [priority], [date_start], [date_end], [created_at], [updated_at], [category_id], [supplier_id], [user_id], [percent_item], [quantity], [status]) VALUES (74, N'Bánh bông lan cuộn kem vị socola Solite', 41000, N'Bột mì, đường, dầu thực vật, trứng gà, nước đường fructose, shortening, mạch nha, chất giữ ẩm, bột bắp, bột nguyên trứng, bột cacao, bột sữa gầy, chất nhũ hoá, sữa tươi, cacao mass', 1, CAST(N'2021-03-01 00:00:00.000' AS DateTime), CAST(N'2021-07-01 00:00:00.000' AS DateTime), CAST(N'2021-03-01 00:00:00.000' AS DateTime), CAST(N'2021-03-12 00:00:00.000' AS DateTime), 9, 1, 4, 11, 1, 0)
INSERT [dbo].[product] ([product_id], [name], [price], [ingredient], [priority], [date_start], [date_end], [created_at], [updated_at], [category_id], [supplier_id], [user_id], [percent_item], [quantity], [status]) VALUES (75, N'Bánh kem sữa Custas', 63000, N'Trứng, bột mì, đường, dầu thực vật, chất béo thực vật, hydro hoá hoàn toàn, bột sữa dừa, chất giữ ẩm, bột sữa nguyên kem, chất nhũ hoá', 1, CAST(N'2021-03-01 00:00:00.000' AS DateTime), CAST(N'2021-07-01 00:00:00.000' AS DateTime), CAST(N'2021-03-01 00:00:00.000' AS DateTime), CAST(N'2021-03-12 00:00:00.000' AS DateTime), 9, 2, 5, 15, 1, 1)
INSERT [dbo].[product] ([product_id], [name], [price], [ingredient], [priority], [date_start], [date_end], [created_at], [updated_at], [category_id], [supplier_id], [user_id], [percent_item], [quantity], [status]) VALUES (76, N'Bánh trứng cuộn kem bơ sữa Hura Swissroll', 44000, N'Bột mì, trứng gà, chất béo thực vật, đường, mạch nha, sữa tách béo, bơ, tinh bột bắp, chất giữ ẩm, chất tạo xốp, nước, chất nhũ hoá, hương tổng hợp,...', 1, CAST(N'2021-03-01 00:00:00.000' AS DateTime), CAST(N'2021-08-01 00:00:00.000' AS DateTime), CAST(N'2021-03-01 00:00:00.000' AS DateTime), CAST(N'2021-03-12 00:00:00.000' AS DateTime), 9, 1, 1, 60, 1, 1)
INSERT [dbo].[product] ([product_id], [name], [price], [ingredient], [priority], [date_start], [date_end], [created_at], [updated_at], [category_id], [supplier_id], [user_id], [percent_item], [quantity], [status]) VALUES (77, N'Bánh bông lan hương cốm Cupcake', 24000, N'Bột mì, trứng, đường, chất béo thực vật, bột sữa whey, bột sữa buttermilk, chất giữ ẩm, chất nhũ hóa, tinh bột bắp', 1, CAST(N'2021-03-01 00:00:00.000' AS DateTime), CAST(N'2021-07-01 00:00:00.000' AS DateTime), CAST(N'2021-03-01 00:00:00.000' AS DateTime), CAST(N'2021-03-12 00:00:00.000' AS DateTime), 9, 1, 4, 40, 1, 1)
INSERT [dbo].[product] ([product_id], [name], [price], [ingredient], [priority], [date_start], [date_end], [created_at], [updated_at], [category_id], [supplier_id], [user_id], [percent_item], [quantity], [status]) VALUES (78, N'Bánh socola kem nhân marshmallow và mứt dâu Choco PN', 27500, N'Bột mì, đường, mạch nha, shortening, dầu thực vật đã hydro hoá, sữa bột, mứt dâu, bột cacao, chất nhũ hoá, chất giữ ẩm, bơ, gelatin, chất tạo xốp, canxi sữa, muối, chất bảo quản, hương tổng hợp,...', 1, CAST(N'2021-03-01 00:00:00.000' AS DateTime), CAST(N'2021-06-01 00:00:00.000' AS DateTime), CAST(N'2021-03-01 00:00:00.000' AS DateTime), CAST(N'2021-03-12 00:00:00.000' AS DateTime), 10, 1, 2, 30, 1, 1)
INSERT [dbo].[product] ([product_id], [name], [price], [ingredient], [priority], [date_start], [date_end], [created_at], [updated_at], [category_id], [supplier_id], [user_id], [percent_item], [quantity], [status]) VALUES (79, N'Bánh xốp phủ trà xanh KitKat', 70000, N'Chất béo thực vật và dầu thực vật (nhân cây cọ, cây cọ, illipe, cây hạt mỡ, sal, xoài, kokum), sữa bột (sữa bò), đường, bột mì, bánh quy', 1, CAST(N'2021-03-01 00:00:00.000' AS DateTime), CAST(N'2021-06-01 00:00:00.000' AS DateTime), CAST(N'2021-03-01 00:00:00.000' AS DateTime), CAST(N'2021-03-12 00:00:00.000' AS DateTime), 10, 2, 3, 35, 1, 0)
INSERT [dbo].[product] ([product_id], [name], [price], [ingredient], [priority], [date_start], [date_end], [created_at], [updated_at], [category_id], [supplier_id], [user_id], [percent_item], [quantity], [status]) VALUES (80, N'Bánh vị ca cao Choco-pie Dark', 57500, N'Đường, bột mì, glucose syrup, shortening thực vật, chất béo thực vật không hydro hoá, bột ca cao, sữa bột nguyên kem, trứng, chất tạo xốp', 1, CAST(N'2021-03-01 00:00:00.000' AS DateTime), CAST(N'2021-11-01 00:00:00.000' AS DateTime), CAST(N'2021-03-01 00:00:00.000' AS DateTime), CAST(N'2021-03-12 00:00:00.000' AS DateTime), 10, 2, 2, 20, 1, 0)
INSERT [dbo].[product] ([product_id], [name], [price], [ingredient], [priority], [date_start], [date_end], [created_at], [updated_at], [category_id], [supplier_id], [user_id], [percent_item], [quantity], [status]) VALUES (81, N'Bánh Omeli Chocolate Pie matcha', 47000, N'Bột mì, đường, chất béo thực vật, mạch nha, sữa bột tách béo, bột cacao, bột bắp, trứng, sữa béo, chất giữ ẩm, bơ tươi, cacao mass, muối, chất tạo xốp, chất điều chỉnh acid, đường glucô, gelatin, bột trà xanh matcha', 1, CAST(N'2021-03-01 00:00:00.000' AS DateTime), CAST(N'2021-05-15 00:00:00.000' AS DateTime), CAST(N'2021-03-01 00:00:00.000' AS DateTime), CAST(N'2021-03-12 00:00:00.000' AS DateTime), 10, 1, 1, 25, 1, 0)
INSERT [dbo].[product] ([product_id], [name], [price], [ingredient], [priority], [date_start], [date_end], [created_at], [updated_at], [category_id], [supplier_id], [user_id], [percent_item], [quantity], [status]) VALUES (82, N'Bánh phủ socola kem bơ sữa Richy Peppie', 21000, N'Bột mì, mạch nha, socola (20.4%), đường tinh luyện, trứng gà, shortening, margarine, chất tạo xốp (E500ii, E503ii), gelatin, muối', 1, CAST(N'2021-03-01 00:00:00.000' AS DateTime), CAST(N'2021-12-01 00:00:00.000' AS DateTime), CAST(N'2021-03-01 00:00:00.000' AS DateTime), CAST(N'2021-03-12 00:00:00.000' AS DateTime), 10, 1, 5, 30, 1, 1)
INSERT [dbo].[product] ([product_id], [name], [price], [ingredient], [priority], [date_start], [date_end], [created_at], [updated_at], [category_id], [supplier_id], [user_id], [percent_item], [quantity], [status]) VALUES (83, N'Socola Ferrero', 336000, N'Socola sữa, kem sữa béo khan, chất nhũ hoá, đường, chất béo thực vật, bột mì, bột váng sữa, bột ca cao gầy, chất nhũ hoá,...', 1, CAST(N'2021-03-01 00:00:00.000' AS DateTime), CAST(N'2021-09-01 00:00:00.000' AS DateTime), CAST(N'2021-03-01 00:00:00.000' AS DateTime), CAST(N'2021-03-13 00:00:00.000' AS DateTime), 11, 2, 4, 35, 1, 1)
INSERT [dbo].[product] ([product_id], [name], [price], [ingredient], [priority], [date_start], [date_end], [created_at], [updated_at], [category_id], [supplier_id], [user_id], [percent_item], [quantity], [status]) VALUES (84, N'Kẹo socola nhân hạnh nhân Choco Rock', 147000, N'Socola, đường, hạt hạnh nhân, gelatin,...', 1, CAST(N'2021-03-01 00:00:00.000' AS DateTime), CAST(N'2021-05-01 00:00:00.000' AS DateTime), CAST(N'2021-03-01 00:00:00.000' AS DateTime), CAST(N'2021-03-13 00:00:00.000' AS DateTime), 11, 2, 3, 40, 1, 0)
INSERT [dbo].[product] ([product_id], [name], [price], [ingredient], [priority], [date_start], [date_end], [created_at], [updated_at], [category_id], [supplier_id], [user_id], [percent_item], [quantity], [status]) VALUES (85, N'Kẹo socola Snickers', 45000, N'Socola sữa (đường, bơ cacao, cacao khối 11.5%, bột sữa tách béo, lactose, chất béo sữa, chất béo thực vật, chất nhũ hoá, hương vani tổng hợp), đậu phộng, siro glucose', 1, CAST(N'2021-03-01 00:00:00.000' AS DateTime), CAST(N'2021-05-01 00:00:00.000' AS DateTime), CAST(N'2021-03-01 00:00:00.000' AS DateTime), CAST(N'2021-03-13 00:00:00.000' AS DateTime), 11, 2, 2, 50, 1, 1)
INSERT [dbo].[product] ([product_id], [name], [price], [ingredient], [priority], [date_start], [date_end], [created_at], [updated_at], [category_id], [supplier_id], [user_id], [percent_item], [quantity], [status]) VALUES (86, N'Socola đen Henk', 60000, N'Ca cao 72% (gồm ca cao nhão, bơ ca cao, bột ca cao), đường, chất nhũ hoá (E322i, E476), hương liệu tổng hợp (vani)', 1, CAST(N'2021-03-01 00:00:00.000' AS DateTime), CAST(N'2021-10-01 00:00:00.000' AS DateTime), CAST(N'2021-03-01 00:00:00.000' AS DateTime), CAST(N'2021-03-13 00:00:00.000' AS DateTime), 11, 1, 1, 10, 1, 0)
INSERT [dbo].[product] ([product_id], [name], [price], [ingredient], [priority], [date_start], [date_end], [created_at], [updated_at], [category_id], [supplier_id], [user_id], [percent_item], [quantity], [status]) VALUES (87, N'Kẹo socola nhân đậu phộng M&M''s', 39500, N'Socola sữa, đường, đậu phộng, tinh bột bắp, chất béo thực vật, siro glucose, chất làm dầy, chất tạo màu tổng hợp,....', 1, CAST(N'2021-03-01 00:00:00.000' AS DateTime), CAST(N'2021-05-16 00:00:00.000' AS DateTime), CAST(N'2021-03-01 00:00:00.000' AS DateTime), CAST(N'2021-03-13 00:00:00.000' AS DateTime), 11, 2, 5, 55, 1, 1)
INSERT [dbo].[product] ([product_id], [name], [price], [ingredient], [priority], [date_start], [date_end], [created_at], [updated_at], [category_id], [supplier_id], [user_id], [percent_item], [quantity], [status]) VALUES (88, N'Bánh que Arnott''s nyam nyam chấm kem socola', 9600, N'Bột mì (36,5%), đường, bột ca cao, chất tạo xốp, whey, muối,...', 1, CAST(N'2021-03-01 00:00:00.000' AS DateTime), CAST(N'2021-04-11 00:00:00.000' AS DateTime), CAST(N'2021-03-01 00:00:00.000' AS DateTime), CAST(N'2021-03-14 00:00:00.000' AS DateTime), 12, 2, 3, 30, 1, 0)
INSERT [dbo].[product] ([product_id], [name], [price], [ingredient], [priority], [date_start], [date_end], [created_at], [updated_at], [category_id], [supplier_id], [user_id], [percent_item], [quantity], [status]) VALUES (89, N'Bánh que Glico Pejoy trà xanh matcha', 19000, N'Bột mì, đường, hỗn hợp dầu thực vật, bột sữa nguyên chất, lactose, dầu thực vật shortening, chiết xuất mạch nha, bột trà xanh matcha, muối', 1, CAST(N'2021-03-01 00:00:00.000' AS DateTime), CAST(N'2021-08-01 00:00:00.000' AS DateTime), CAST(N'2021-03-01 00:00:00.000' AS DateTime), CAST(N'2021-03-14 00:00:00.000' AS DateTime), 12, 2, 4, 45, 1, 1)
INSERT [dbo].[product] ([product_id], [name], [price], [ingredient], [priority], [date_start], [date_end], [created_at], [updated_at], [category_id], [supplier_id], [user_id], [percent_item], [quantity], [status]) VALUES (90, N'Bánh que Glico Pocky cookies & cream', 17000, N'Bột mì, đường, hỗn hợp dầu thực vật, bột sữa nguyên chất, lactose, bột ca cao, dầu thực vật shortening, chiết xuất mạch nha, tinh bột biến tính, hương vị nhân tạo, muối', 1, CAST(N'2021-03-01 00:00:00.000' AS DateTime), CAST(N'2021-10-01 00:00:00.000' AS DateTime), CAST(N'2021-03-01 00:00:00.000' AS DateTime), CAST(N'2021-03-14 00:00:00.000' AS DateTime), 12, 1, 1, 70, 1, 0)
INSERT [dbo].[product] ([product_id], [name], [price], [ingredient], [priority], [date_start], [date_end], [created_at], [updated_at], [category_id], [supplier_id], [user_id], [percent_item], [quantity], [status]) VALUES (91, N'Bánh que Mix vị ớt cay', 14000, N'Bột mì, bột sắn, nước mắm, dầu cọ, chất tạo xốp, chất điều vị, hương liệu tự nhiên,...', 1, CAST(N'2021-03-01 00:00:00.000' AS DateTime), CAST(N'2022-03-01 00:00:00.000' AS DateTime), CAST(N'2021-03-01 00:00:00.000' AS DateTime), CAST(N'2021-03-14 00:00:00.000' AS DateTime), 12, 2, 2, 25, 1, 1)
INSERT [dbo].[product] ([product_id], [name], [price], [ingredient], [priority], [date_start], [date_end], [created_at], [updated_at], [category_id], [supplier_id], [user_id], [percent_item], [quantity], [status]) VALUES (92, N'Bánh que Chicky Stick', 14000, N'Bột mì, tinh bột sắn, đường, sốt cá, bột baking, màu thực phẩm tổng hợp,...', 1, CAST(N'2021-03-01 00:00:00.000' AS DateTime), CAST(N'2021-05-01 00:00:00.000' AS DateTime), CAST(N'2021-03-01 00:00:00.000' AS DateTime), CAST(N'2021-03-14 00:00:00.000' AS DateTime), 12, 1, 5, 55, 1, 0)
INSERT [dbo].[product] ([product_id], [name], [price], [ingredient], [priority], [date_start], [date_end], [created_at], [updated_at], [category_id], [supplier_id], [user_id], [percent_item], [quantity], [status]) VALUES (93, N'Bánh quế vị phô mai Wasuka Cigarku', 54400, N'Đường, bột lúa mì (24.5%), chất béo thực vật, maltodextrin, bột sữa (4.5%), bột Whey (6.1%), tinh bột bắp, mạch nha', 1, CAST(N'2021-03-01 00:00:00.000' AS DateTime), CAST(N'2021-12-01 00:00:00.000' AS DateTime), CAST(N'2021-03-01 00:00:00.000' AS DateTime), CAST(N'2021-03-14 00:00:00.000' AS DateTime), 13, 2, 1, 10, 1, 1)
INSERT [dbo].[product] ([product_id], [name], [price], [ingredient], [priority], [date_start], [date_end], [created_at], [updated_at], [category_id], [supplier_id], [user_id], [percent_item], [quantity], [status]) VALUES (94, N'Bánh quế nhân kem vani Arnott''s Stikko Fingers Vanilla', 53000, N'Đường (36,37%), bột mì (35,17%), dầu thực vật (dầu cọ) (16,95%), maltodextrin, bột whey (có sữa)...', 1, CAST(N'2021-03-01 00:00:00.000' AS DateTime), CAST(N'2021-05-03 00:00:00.000' AS DateTime), CAST(N'2021-03-01 00:00:00.000' AS DateTime), CAST(N'2021-03-14 00:00:00.000' AS DateTime), 13, 2, 2, 80, 1, 1)
INSERT [dbo].[product] ([product_id], [name], [price], [ingredient], [priority], [date_start], [date_end], [created_at], [updated_at], [category_id], [supplier_id], [user_id], [percent_item], [quantity], [status]) VALUES (95, N'Bánh quế nhân kem socola Arnott''s stikko fingers chocolate', 53000, N'Đường (36,8%), bột whey, bột mì (35,57%), bột cacao, bột gạo, hương vani nhân tạo,...', 1, CAST(N'2021-03-01 00:00:00.000' AS DateTime), CAST(N'2021-05-14 00:00:00.000' AS DateTime), CAST(N'2021-03-01 00:00:00.000' AS DateTime), CAST(N'2021-03-14 00:00:00.000' AS DateTime), 13, 2, 3, 60, 1, 1)
INSERT [dbo].[product] ([product_id], [name], [price], [ingredient], [priority], [date_start], [date_end], [created_at], [updated_at], [category_id], [supplier_id], [user_id], [percent_item], [quantity], [status]) VALUES (96, N'Bánh quế vị kem sô cô la Cosy', 12000, N'Bột mì, đường, dầu cọ, bột whey, bột cacao, màu thực phẩm tổng hợp, bột bắp, chất nhũ hoá, đường glucose, hương thực phẩm tổng hợp, muối.', 1, CAST(N'2021-03-01 00:00:00.000' AS DateTime), CAST(N'2021-12-01 00:00:00.000' AS DateTime), CAST(N'2021-03-01 00:00:00.000' AS DateTime), CAST(N'2021-03-14 00:00:00.000' AS DateTime), 13, 1, 4, 65, 1, 0)
INSERT [dbo].[product] ([product_id], [name], [price], [ingredient], [priority], [date_start], [date_end], [created_at], [updated_at], [category_id], [supplier_id], [user_id], [percent_item], [quantity], [status]) VALUES (97, N'Bánh quế vani Wafer Roll Oreo', 11000, N'Đường, bột mì, dầu thực vật, bột cacao, đường maltodextrin, nước đường high fructose, bột bắp, muối, chất nhũ hoá, bột vani, hương thực phẩm tổng hợp (sô cô la).', 1, CAST(N'2021-03-01 00:00:00.000' AS DateTime), CAST(N'2021-11-01 00:00:00.000' AS DateTime), CAST(N'2021-03-01 00:00:00.000' AS DateTime), CAST(N'2021-03-14 00:00:00.000' AS DateTime), 13, 1, 5, 55, 1, 0)
INSERT [dbo].[product] ([product_id], [name], [price], [ingredient], [priority], [date_start], [date_end], [created_at], [updated_at], [category_id], [supplier_id], [user_id], [percent_item], [quantity], [status]) VALUES (98, N'Trái cây sấy Rộp Rộp', 21000, N'Mít, chuối, khoai lang vàng, khoai lang tím, khoai môn và dầu thực vật', 1, CAST(N'2021-03-01 00:00:00.000' AS DateTime), CAST(N'2021-10-01 00:00:00.000' AS DateTime), CAST(N'2021-03-01 00:00:00.000' AS DateTime), CAST(N'2021-03-15 00:00:00.000' AS DateTime), 14, 1, 3, 30, 1, 0)
INSERT [dbo].[product] ([product_id], [name], [price], [ingredient], [priority], [date_start], [date_end], [created_at], [updated_at], [category_id], [supplier_id], [user_id], [percent_item], [quantity], [status]) VALUES (99, N'Chuối sấy Rộp Rộp', 16000, N'Chuối, dầu thực vật', 1, CAST(N'2021-03-01 00:00:00.000' AS DateTime), CAST(N'2021-08-01 00:00:00.000' AS DateTime), CAST(N'2021-03-01 00:00:00.000' AS DateTime), CAST(N'2021-03-15 00:00:00.000' AS DateTime), 14, 1, 1, 75, 1, 1)
GO
INSERT [dbo].[product] ([product_id], [name], [price], [ingredient], [priority], [date_start], [date_end], [created_at], [updated_at], [category_id], [supplier_id], [user_id], [percent_item], [quantity], [status]) VALUES (100, N'Chà là sấy Bakalland', 188000, N'100% chà là tách hạt', 1, CAST(N'2021-03-01 00:00:00.000' AS DateTime), CAST(N'2022-03-01 00:00:00.000' AS DateTime), CAST(N'2021-03-01 00:00:00.000' AS DateTime), CAST(N'2021-03-15 00:00:00.000' AS DateTime), 14, 2, 2, 60, 1, 1)
INSERT [dbo].[product] ([product_id], [name], [price], [ingredient], [priority], [date_start], [date_end], [created_at], [updated_at], [category_id], [supplier_id], [user_id], [percent_item], [quantity], [status]) VALUES (101, N'Mận sấy Bakalland', 188000, N'Mận sấy khô 99.9%, chất bảo quản E202', 1, CAST(N'2021-03-01 00:00:00.000' AS DateTime), CAST(N'2021-07-01 00:00:00.000' AS DateTime), CAST(N'2021-03-01 00:00:00.000' AS DateTime), CAST(N'2021-03-15 00:00:00.000' AS DateTime), 14, 2, 4, 45, 1, 0)
INSERT [dbo].[product] ([product_id], [name], [price], [ingredient], [priority], [date_start], [date_end], [created_at], [updated_at], [category_id], [supplier_id], [user_id], [percent_item], [quantity], [status]) VALUES (102, N'Sầu riêng sấy lạnh Vinamit', 160000, N'Sầu riêng 100%', 1, CAST(N'2021-03-01 00:00:00.000' AS DateTime), CAST(N'2021-06-01 00:00:00.000' AS DateTime), CAST(N'2021-03-01 00:00:00.000' AS DateTime), CAST(N'2021-03-15 00:00:00.000' AS DateTime), 14, 1, 5, 50, 1, 1)
INSERT [dbo].[product] ([product_id], [name], [price], [ingredient], [priority], [date_start], [date_end], [created_at], [updated_at], [category_id], [supplier_id], [user_id], [percent_item], [quantity], [status]) VALUES (103, N'Đậu phộng tỏi ớt Tài tài', 40000, N'Đậu phộng (60%), bột mì, bột bắp, bột biến tính, tỏi, muối, ớt, dầu thực vật, dầu olein tinh luyện,...', 1, CAST(N'2021-03-01 00:00:00.000' AS DateTime), CAST(N'2021-07-01 00:00:00.000' AS DateTime), CAST(N'2021-03-01 00:00:00.000' AS DateTime), CAST(N'2021-03-15 00:00:00.000' AS DateTime), 15, 1, 5, 55, 1, 0)
INSERT [dbo].[product] ([product_id], [name], [price], [ingredient], [priority], [date_start], [date_end], [created_at], [updated_at], [category_id], [supplier_id], [user_id], [percent_item], [quantity], [status]) VALUES (104, N'Hạt hướng dương Toàn Phát', 38700, N'Hạt hướng dương rang 100%', 1, CAST(N'2021-03-01 00:00:00.000' AS DateTime), CAST(N'2021-12-01 00:00:00.000' AS DateTime), CAST(N'2021-03-01 00:00:00.000' AS DateTime), CAST(N'2021-03-15 00:00:00.000' AS DateTime), 15, 1, 4, 45, 1, 1)
INSERT [dbo].[product] ([product_id], [name], [price], [ingredient], [priority], [date_start], [date_end], [created_at], [updated_at], [category_id], [supplier_id], [user_id], [percent_item], [quantity], [status]) VALUES (105, N'Hạt bí rang Toàn Phát ', 76500, N'Hạt bí rang 100%', 1, CAST(N'2021-03-01 00:00:00.000' AS DateTime), CAST(N'2021-06-01 00:00:00.000' AS DateTime), CAST(N'2021-03-01 00:00:00.000' AS DateTime), CAST(N'2021-03-15 00:00:00.000' AS DateTime), 15, 1, 3, 35, 1, 0)
INSERT [dbo].[product] ([product_id], [name], [price], [ingredient], [priority], [date_start], [date_end], [created_at], [updated_at], [category_id], [supplier_id], [user_id], [percent_item], [quantity], [status]) VALUES (106, N'Hạt dưa rang Toàn Phát', 76500, N'Hạt dưa hấu rang 100%', 1, CAST(N'2021-03-01 00:00:00.000' AS DateTime), CAST(N'2021-07-01 00:00:00.000' AS DateTime), CAST(N'2021-03-01 00:00:00.000' AS DateTime), CAST(N'2021-03-15 00:00:00.000' AS DateTime), 15, 1, 2, 25, 1, 1)
INSERT [dbo].[product] ([product_id], [name], [price], [ingredient], [priority], [date_start], [date_end], [created_at], [updated_at], [category_id], [supplier_id], [user_id], [percent_item], [quantity], [status]) VALUES (107, N'Hạt óc chó Ohla', 170000, N'Hạt óc chó 100%', 1, CAST(N'2021-03-01 00:00:00.000' AS DateTime), CAST(N'2021-10-01 00:00:00.000' AS DateTime), CAST(N'2021-03-01 00:00:00.000' AS DateTime), CAST(N'2021-03-15 00:00:00.000' AS DateTime), 15, 2, 1, 15, 1, 0)
INSERT [dbo].[product] ([product_id], [name], [price], [ingredient], [priority], [date_start], [date_end], [created_at], [updated_at], [category_id], [supplier_id], [user_id], [percent_item], [quantity], [status]) VALUES (108, N'Khô heo vị cháy tỏi G Kitchen', 14000, N'Nạc heo, đường, toi, rượu, muối i-ốt, chất điều vị, bột ớt, chất điều chỉnh độ acid, bột ngũ vị hương, chất chống oxi hoá, phẩm màu tự nhiên', 1, CAST(N'2021-03-01 00:00:00.000' AS DateTime), CAST(N'2021-08-01 00:00:00.000' AS DateTime), CAST(N'2021-03-01 00:00:00.000' AS DateTime), CAST(N'2021-03-15 00:00:00.000' AS DateTime), 16, 1, 4, 65, 1, 1)
INSERT [dbo].[product] ([product_id], [name], [price], [ingredient], [priority], [date_start], [date_end], [created_at], [updated_at], [category_id], [supplier_id], [user_id], [percent_item], [quantity], [status]) VALUES (109, N'Thịt bò khô Tuyền Ký', 135000, N'Thịt bò 50%, thịt heo 46%, đường tinh luyện, bột cà ri, ngũ vị hương, muối i-ốt, ớt, tỏi, chất điều vị', 1, CAST(N'2021-03-01 00:00:00.000' AS DateTime), CAST(N'2021-12-01 00:00:00.000' AS DateTime), CAST(N'2021-03-01 00:00:00.000' AS DateTime), CAST(N'2021-03-15 00:00:00.000' AS DateTime), 16, 1, 5, 75, 1, 1)
INSERT [dbo].[product] ([product_id], [name], [price], [ingredient], [priority], [date_start], [date_end], [created_at], [updated_at], [category_id], [supplier_id], [user_id], [percent_item], [quantity], [status]) VALUES (110, N'Tôm tẩm sốt Thành Việt', 121000, N'95% tôm sữa , đường, muối, chất điều vị', 1, CAST(N'2021-03-01 00:00:00.000' AS DateTime), CAST(N'2021-05-28 00:00:00.000' AS DateTime), CAST(N'2021-03-01 00:00:00.000' AS DateTime), CAST(N'2021-03-15 00:00:00.000' AS DateTime), 16, 1, 1, 80, 1, 0)
INSERT [dbo].[product] ([product_id], [name], [price], [ingredient], [priority], [date_start], [date_end], [created_at], [updated_at], [category_id], [supplier_id], [user_id], [percent_item], [quantity], [status]) VALUES (111, N'Chà bông heo đặc biệt Hương Việt', 61000, N'Thịt heo (95%), nước mắm (3%), muối i-ốt, đường, chất điều vị (621), phẩm màu tổng hợp, chất chống oxy hoá', 1, CAST(N'2021-03-01 00:00:00.000' AS DateTime), CAST(N'2021-06-01 00:00:00.000' AS DateTime), CAST(N'2021-03-01 00:00:00.000' AS DateTime), CAST(N'2021-03-15 00:00:00.000' AS DateTime), 16, 1, 3, 5, 1, 1)
INSERT [dbo].[product] ([product_id], [name], [price], [ingredient], [priority], [date_start], [date_end], [created_at], [updated_at], [category_id], [supplier_id], [user_id], [percent_item], [quantity], [status]) VALUES (112, N'Gà sấy lá chanh Thảo Nguyên Phát ', 51000, N'Thịt ức gà (92%), lá chanh, muối, đường, nước mắm, chất điều vị (621), ớt', 1, CAST(N'2021-03-01 00:00:00.000' AS DateTime), CAST(N'2021-09-01 00:00:00.000' AS DateTime), CAST(N'2021-03-01 00:00:00.000' AS DateTime), CAST(N'2021-03-15 00:00:00.000' AS DateTime), 16, 1, 2, 15, 1, 1)
SET IDENTITY_INSERT [dbo].[product] OFF
SET IDENTITY_INSERT [dbo].[supplier] ON 

INSERT [dbo].[supplier] ([supplier_id], [name], [status]) VALUES (1, N'Việt Nam', 1)
INSERT [dbo].[supplier] ([supplier_id], [name], [status]) VALUES (2, N'Mỹ', 1)
SET IDENTITY_INSERT [dbo].[supplier] OFF
SET IDENTITY_INSERT [dbo].[user] ON 

INSERT [dbo].[user] ([user_id], [username], [password], [status], [description], [role], [fullname], [address], [email], [phone_number]) VALUES (1, N'thachnh', N'123456', 1, NULL, 1, N'Nguyen Huu Thach', N'55/11', N'thachnh@gmail.com', 123)
INSERT [dbo].[user] ([user_id], [username], [password], [status], [description], [role], [fullname], [address], [email], [phone_number]) VALUES (2, N'huynt', N'123', 1, NULL, 1, N'huygg123', N'zzz', N'huyntps10808@fpt.edu.vn', 123)
INSERT [dbo].[user] ([user_id], [username], [password], [status], [description], [role], [fullname], [address], [email], [phone_number]) VALUES (3, N'trungdv', N'123456', 1, NULL, 1, N'Dang Van Trung', N'555/1', N'trungdv@gmail.com', 123)
INSERT [dbo].[user] ([user_id], [username], [password], [status], [description], [role], [fullname], [address], [email], [phone_number]) VALUES (4, N'dobd', N'123456', 1, NULL, 1, N'Bui Do', N'22/2', N'dobd@gmail.com', 213)
INSERT [dbo].[user] ([user_id], [username], [password], [status], [description], [role], [fullname], [address], [email], [phone_number]) VALUES (5, N'ducnp', N'123456', 1, NULL, 1, N'Nguyen Phuc Duc', N'595/2', N'ducnp@gmail.com', 123)
SET IDENTITY_INSERT [dbo].[user] OFF
USE [master]
GO
ALTER DATABASE [Project_2] SET  READ_WRITE 
GO
